image_name,relative_path,label
01060602previewen-02b.jpg,backend/data/Combined/Alluvial_soil/01060602previewen-02b.jpg,Alluvial_soil
01060602previewen-02d.jpg,backend/data/Combined/Alluvial_soil/01060602previewen-02d.jpg,Alluvial_soil
1.jpg,backend/data/Combined/Alluvial_soil/1.jpg,Alluvial_soil
10.jpg,backend/data/Combined/Alluvial_soil/10.jpg,Alluvial_soil
100.jpg,backend/data/Combined/Alluvial_soil/100.jpg,Alluvial_soil
1000_F_240425429_YL91trtDxXQl8L0OKP7zyngeSb63olAC.jpg,backend/data/Combined/Alluvial_soil/1000_F_240425429_YL91trtDxXQl8L0OKP7zyngeSb63olAC.jpg,Alluvial_soil
101.jpg,backend/data/Combined/Alluvial_soil/101.jpg,Alluvial_soil
103.jpg,backend/data/Combined/Alluvial_soil/103.jpg,Alluvial_soil
104.jpg,backend/data/Combined/Alluvial_soil/104.jpg,Alluvial_soil
105.jpg,backend/data/Combined/Alluvial_soil/105.jpg,Alluvial_soil
11.jpg,backend/data/Combined/Alluvial_soil/11.jpg,Alluvial_soil
12.jpg,backend/data/Combined/Alluvial_soil/12.jpg,Alluvial_soil
13.jpg,backend/data/Combined/Alluvial_soil/13.jpg,Alluvial_soil
14.jpg,backend/data/Combined/Alluvial_soil/14.jpg,Alluvial_soil
15.jpg,backend/data/Combined/Alluvial_soil/15.jpg,Alluvial_soil
16.jpg,backend/data/Combined/Alluvial_soil/16.jpg,Alluvial_soil
17.jpg,backend/data/Combined/Alluvial_soil/17.jpg,Alluvial_soil
18.jpg,backend/data/Combined/Alluvial_soil/18.jpg,Alluvial_soil
180.jpg,backend/data/Combined/Alluvial_soil/180.jpg,Alluvial_soil
19.jpg,backend/data/Combined/Alluvial_soil/19.jpg,Alluvial_soil
2.jpg,backend/data/Combined/Alluvial_soil/2.jpg,Alluvial_soil
20.jpg,backend/data/Combined/Alluvial_soil/20.jpg,Alluvial_soil
200.jpg,backend/data/Combined/Alluvial_soil/200.jpg,Alluvial_soil
21.jpg,backend/data/Combined/Alluvial_soil/21.jpg,Alluvial_soil
22.jpg,backend/data/Combined/Alluvial_soil/22.jpg,Alluvial_soil
23.jpg,backend/data/Combined/Alluvial_soil/23.jpg,Alluvial_soil
24.jpg,backend/data/Combined/Alluvial_soil/24.jpg,Alluvial_soil
25.jpg,backend/data/Combined/Alluvial_soil/25.jpg,Alluvial_soil
26.jpg,backend/data/Combined/Alluvial_soil/26.jpg,Alluvial_soil
27.jpg,backend/data/Combined/Alluvial_soil/27.jpg,Alluvial_soil
28.jpg,backend/data/Combined/Alluvial_soil/28.jpg,Alluvial_soil
28a.jpg,backend/data/Combined/Alluvial_soil/28a.jpg,Alluvial_soil
28b.jpg,backend/data/Combined/Alluvial_soil/28b.jpg,Alluvial_soil
29.jpg,backend/data/Combined/Alluvial_soil/29.jpg,Alluvial_soil
30.jpg,backend/data/Combined/Alluvial_soil/30.jpg,Alluvial_soil
30a.jpg,backend/data/Combined/Alluvial_soil/30a.jpg,Alluvial_soil
31.jpg,backend/data/Combined/Alluvial_soil/31.jpg,Alluvial_soil
32.jpg,backend/data/Combined/Alluvial_soil/32.jpg,Alluvial_soil
33.jpg,backend/data/Combined/Alluvial_soil/33.jpg,Alluvial_soil
35.jpg,backend/data/Combined/Alluvial_soil/35.jpg,Alluvial_soil
37.jpg,backend/data/Combined/Alluvial_soil/37.jpg,Alluvial_soil
38.jpg,backend/data/Combined/Alluvial_soil/38.jpg,Alluvial_soil
39.jpg,backend/data/Combined/Alluvial_soil/39.jpg,Alluvial_soil
40.jpg,backend/data/Combined/Alluvial_soil/40.jpg,Alluvial_soil
41.jpg,backend/data/Combined/Alluvial_soil/41.jpg,Alluvial_soil
42.jpg,backend/data/Combined/Alluvial_soil/42.jpg,Alluvial_soil
44.jpg,backend/data/Combined/Alluvial_soil/44.jpg,Alluvial_soil
45.jpg,backend/data/Combined/Alluvial_soil/45.jpg,Alluvial_soil
45a.jpg,backend/data/Combined/Alluvial_soil/45a.jpg,Alluvial_soil
46.jpeg,backend/data/Combined/Alluvial_soil/46.jpeg,Alluvial_soil
5.jpg,backend/data/Combined/Alluvial_soil/5.jpg,Alluvial_soil
7.jpg,backend/data/Combined/Alluvial_soil/7.jpg,Alluvial_soil
8.jpg,backend/data/Combined/Alluvial_soil/8.jpg,Alluvial_soil
80.jpg,backend/data/Combined/Alluvial_soil/80.jpg,Alluvial_soil
alluvial-diamond-layers-mining-site-western-cape-south-africa-G8CR87.jpg,backend/data/Combined/Alluvial_soil/alluvial-diamond-layers-mining-site-western-cape-south-africa-G8CR87.jpg,Alluvial_soil
alluvial-soil-1kg-green-era-original-imag4r54hhybzhqc.jpeg,backend/data/Combined/Alluvial_soil/alluvial-soil-1kg-green-era-original-imag4r54hhybzhqc.jpeg,Alluvial_soil
alluvial-soil-1kg-green-era-original-imag4r54wbucymtp.jpeg,backend/data/Combined/Alluvial_soil/alluvial-soil-1kg-green-era-original-imag4r54wbucymtp.jpeg,Alluvial_soil
Alluvial-soil-distribution-in-India-1.jpeg,backend/data/Combined/Alluvial_soil/Alluvial-soil-distribution-in-India-1.jpeg,Alluvial_soil
Alluvial-soil-distribution-in-India.jpg,backend/data/Combined/Alluvial_soil/Alluvial-soil-distribution-in-India.jpg,Alluvial_soil
Alluvial-Soil..png,backend/data/Combined/Alluvial_soil/Alluvial-Soil..png,Alluvial_soil
alluvial-soil1.png,backend/data/Combined/Alluvial_soil/alluvial-soil1.png,Alluvial_soil
alluvial-soils-ricker-2primefarmland-1200x675-1.jpg,backend/data/Combined/Alluvial_soil/alluvial-soils-ricker-2primefarmland-1200x675-1.jpg,Alluvial_soil
Alluvial_1.jpg,backend/data/Combined/Alluvial_soil/Alluvial_1.jpg,Alluvial_soil
Alluvial_10.png,backend/data/Combined/Alluvial_soil/Alluvial_10.png,Alluvial_soil
Alluvial_11.jpg,backend/data/Combined/Alluvial_soil/Alluvial_11.jpg,Alluvial_soil
Alluvial_12 - Copy.jpg,backend/data/Combined/Alluvial_soil/Alluvial_12 - Copy.jpg,Alluvial_soil
Alluvial_12.jpg,backend/data/Combined/Alluvial_soil/Alluvial_12.jpg,Alluvial_soil
Alluvial_13.png,backend/data/Combined/Alluvial_soil/Alluvial_13.png,Alluvial_soil
Alluvial_14.png,backend/data/Combined/Alluvial_soil/Alluvial_14.png,Alluvial_soil
Alluvial_15.png,backend/data/Combined/Alluvial_soil/Alluvial_15.png,Alluvial_soil
Alluvial_16.png,backend/data/Combined/Alluvial_soil/Alluvial_16.png,Alluvial_soil
Alluvial_17.png,backend/data/Combined/Alluvial_soil/Alluvial_17.png,Alluvial_soil
Alluvial_18 - Copy.png,backend/data/Combined/Alluvial_soil/Alluvial_18 - Copy.png,Alluvial_soil
Alluvial_18.png,backend/data/Combined/Alluvial_soil/Alluvial_18.png,Alluvial_soil
Alluvial_19.png,backend/data/Combined/Alluvial_soil/Alluvial_19.png,Alluvial_soil
Alluvial_2.png,backend/data/Combined/Alluvial_soil/Alluvial_2.png,Alluvial_soil
Alluvial_20.jpg,backend/data/Combined/Alluvial_soil/Alluvial_20.jpg,Alluvial_soil
Alluvial_21.png,backend/data/Combined/Alluvial_soil/Alluvial_21.png,Alluvial_soil
Alluvial_22.png,backend/data/Combined/Alluvial_soil/Alluvial_22.png,Alluvial_soil
Alluvial_23.jpg,backend/data/Combined/Alluvial_soil/Alluvial_23.jpg,Alluvial_soil
Alluvial_24.png,backend/data/Combined/Alluvial_soil/Alluvial_24.png,Alluvial_soil
Alluvial_25.jpg,backend/data/Combined/Alluvial_soil/Alluvial_25.jpg,Alluvial_soil
Alluvial_26.png,backend/data/Combined/Alluvial_soil/Alluvial_26.png,Alluvial_soil
Alluvial_27.png,backend/data/Combined/Alluvial_soil/Alluvial_27.png,Alluvial_soil
Alluvial_28.jpg,backend/data/Combined/Alluvial_soil/Alluvial_28.jpg,Alluvial_soil
Alluvial_29.jpg,backend/data/Combined/Alluvial_soil/Alluvial_29.jpg,Alluvial_soil
Alluvial_3.png,backend/data/Combined/Alluvial_soil/Alluvial_3.png,Alluvial_soil
Alluvial_30.png,backend/data/Combined/Alluvial_soil/Alluvial_30.png,Alluvial_soil
Alluvial_31.png,backend/data/Combined/Alluvial_soil/Alluvial_31.png,Alluvial_soil
Alluvial_32.jpg,backend/data/Combined/Alluvial_soil/Alluvial_32.jpg,Alluvial_soil
Alluvial_33.png,backend/data/Combined/Alluvial_soil/Alluvial_33.png,Alluvial_soil
Alluvial_34.png,backend/data/Combined/Alluvial_soil/Alluvial_34.png,Alluvial_soil
Alluvial_35 - Copy.jpg,backend/data/Combined/Alluvial_soil/Alluvial_35 - Copy.jpg,Alluvial_soil
Alluvial_35.jpg,backend/data/Combined/Alluvial_soil/Alluvial_35.jpg,Alluvial_soil
Alluvial_36.jpg,backend/data/Combined/Alluvial_soil/Alluvial_36.jpg,Alluvial_soil
Alluvial_37.png,backend/data/Combined/Alluvial_soil/Alluvial_37.png,Alluvial_soil
Alluvial_38 - Copy.jpg,backend/data/Combined/Alluvial_soil/Alluvial_38 - Copy.jpg,Alluvial_soil
Alluvial_38.jpg,backend/data/Combined/Alluvial_soil/Alluvial_38.jpg,Alluvial_soil
Alluvial_39.jpg,backend/data/Combined/Alluvial_soil/Alluvial_39.jpg,Alluvial_soil
Alluvial_4.jpg,backend/data/Combined/Alluvial_soil/Alluvial_4.jpg,Alluvial_soil
Alluvial_40.jpg,backend/data/Combined/Alluvial_soil/Alluvial_40.jpg,Alluvial_soil
Alluvial_41.jpg,backend/data/Combined/Alluvial_soil/Alluvial_41.jpg,Alluvial_soil
Alluvial_42.jpg,backend/data/Combined/Alluvial_soil/Alluvial_42.jpg,Alluvial_soil
Alluvial_43.png,backend/data/Combined/Alluvial_soil/Alluvial_43.png,Alluvial_soil
Alluvial_44.png,backend/data/Combined/Alluvial_soil/Alluvial_44.png,Alluvial_soil
Alluvial_45.png,backend/data/Combined/Alluvial_soil/Alluvial_45.png,Alluvial_soil
Alluvial_46.png,backend/data/Combined/Alluvial_soil/Alluvial_46.png,Alluvial_soil
Alluvial_47.png,backend/data/Combined/Alluvial_soil/Alluvial_47.png,Alluvial_soil
Alluvial_48.png,backend/data/Combined/Alluvial_soil/Alluvial_48.png,Alluvial_soil
Alluvial_5.jpg,backend/data/Combined/Alluvial_soil/Alluvial_5.jpg,Alluvial_soil
Alluvial_50.png,backend/data/Combined/Alluvial_soil/Alluvial_50.png,Alluvial_soil
Alluvial_53.jpg,backend/data/Combined/Alluvial_soil/Alluvial_53.jpg,Alluvial_soil
Alluvial_6 - Copy.jpg,backend/data/Combined/Alluvial_soil/Alluvial_6 - Copy.jpg,Alluvial_soil
Alluvial_6.jpg,backend/data/Combined/Alluvial_soil/Alluvial_6.jpg,Alluvial_soil
Alluvial_7.jpg,backend/data/Combined/Alluvial_soil/Alluvial_7.jpg,Alluvial_soil
Alluvial_8.png,backend/data/Combined/Alluvial_soil/Alluvial_8.png,Alluvial_soil
Alluvial_9.jpg,backend/data/Combined/Alluvial_soil/Alluvial_9.jpg,Alluvial_soil
close-up-of-alluvial-soil-as-a-texturebackground-JCB3RY.jpg,backend/data/Combined/Alluvial_soil/close-up-of-alluvial-soil-as-a-texturebackground-JCB3RY.jpg,Alluvial_soil
Copy of 01060602previewen-02b.jpg,backend/data/Combined/Alluvial_soil/Copy of 01060602previewen-02b.jpg,Alluvial_soil
Copy of 01060602previewen-02d.jpg,backend/data/Combined/Alluvial_soil/Copy of 01060602previewen-02d.jpg,Alluvial_soil
Copy of 1000_F_240425429_YL91trtDxXQl8L0OKP7zyngeSb63olAC.jpg,backend/data/Combined/Alluvial_soil/Copy of 1000_F_240425429_YL91trtDxXQl8L0OKP7zyngeSb63olAC.jpg,Alluvial_soil
Copy of alluvial-diamond-layers-mining-site-western-cape-south-africa-G8CR87.jpg,backend/data/Combined/Alluvial_soil/Copy of alluvial-diamond-layers-mining-site-western-cape-south-africa-G8CR87.jpg,Alluvial_soil
Copy of alluvial-soil-1kg-green-era-original-imag4r54hhybzhqc.jpeg,backend/data/Combined/Alluvial_soil/Copy of alluvial-soil-1kg-green-era-original-imag4r54hhybzhqc.jpeg,Alluvial_soil
Copy of alluvial-soil-1kg-green-era-original-imag4r54wbucymtp.jpeg,backend/data/Combined/Alluvial_soil/Copy of alluvial-soil-1kg-green-era-original-imag4r54wbucymtp.jpeg,Alluvial_soil
Copy of Alluvial-soil-distribution-in-India-1.jpeg,backend/data/Combined/Alluvial_soil/Copy of Alluvial-soil-distribution-in-India-1.jpeg,Alluvial_soil
Copy of Alluvial-soil-distribution-in-India.jpg,backend/data/Combined/Alluvial_soil/Copy of Alluvial-soil-distribution-in-India.jpg,Alluvial_soil
Copy of Alluvial-Soil..png,backend/data/Combined/Alluvial_soil/Copy of Alluvial-Soil..png,Alluvial_soil
Copy of alluvial-soils-ricker-2primefarmland-1200x675-1.jpg,backend/data/Combined/Alluvial_soil/Copy of alluvial-soils-ricker-2primefarmland-1200x675-1.jpg,Alluvial_soil
Copy of close-up-of-alluvial-soil-as-a-texturebackground-JCB3RY.jpg,backend/data/Combined/Alluvial_soil/Copy of close-up-of-alluvial-soil-as-a-texturebackground-JCB3RY.jpg,Alluvial_soil
Copy of desktop_137249cc-6732-40b3-94e1-1381ad82c07f.jpg,backend/data/Combined/Alluvial_soil/Copy of desktop_137249cc-6732-40b3-94e1-1381ad82c07f.jpg,Alluvial_soil
Copy of image (2).jpeg,backend/data/Combined/Alluvial_soil/Copy of image (2).jpeg,Alluvial_soil
Copy of image14 (2).jpeg,backend/data/Combined/Alluvial_soil/Copy of image14 (2).jpeg,Alluvial_soil
Copy of image14 (3).jpeg,backend/data/Combined/Alluvial_soil/Copy of image14 (3).jpeg,Alluvial_soil
Copy of image15 (2).jpeg,backend/data/Combined/Alluvial_soil/Copy of image15 (2).jpeg,Alluvial_soil
Copy of image16 (2).jpeg,backend/data/Combined/Alluvial_soil/Copy of image16 (2).jpeg,Alluvial_soil
Copy of image16 (3).jpeg,backend/data/Combined/Alluvial_soil/Copy of image16 (3).jpeg,Alluvial_soil
Copy of image17 (2).jpeg,backend/data/Combined/Alluvial_soil/Copy of image17 (2).jpeg,Alluvial_soil
Copy of image18.jpeg,backend/data/Combined/Alluvial_soil/Copy of image18.jpeg,Alluvial_soil
Copy of image19 (2).jpeg,backend/data/Combined/Alluvial_soil/Copy of image19 (2).jpeg,Alluvial_soil
Copy of image2 (2).jpeg,backend/data/Combined/Alluvial_soil/Copy of image2 (2).jpeg,Alluvial_soil
Copy of image24 (2).jpeg,backend/data/Combined/Alluvial_soil/Copy of image24 (2).jpeg,Alluvial_soil
Copy of image24 (3).jpeg,backend/data/Combined/Alluvial_soil/Copy of image24 (3).jpeg,Alluvial_soil
Copy of image3 (2).jpeg,backend/data/Combined/Alluvial_soil/Copy of image3 (2).jpeg,Alluvial_soil
Copy of image30 (2).jpeg,backend/data/Combined/Alluvial_soil/Copy of image30 (2).jpeg,Alluvial_soil
Copy of image6 (2).jpeg,backend/data/Combined/Alluvial_soil/Copy of image6 (2).jpeg,Alluvial_soil
Copy of image7 (2).jpeg,backend/data/Combined/Alluvial_soil/Copy of image7 (2).jpeg,Alluvial_soil
Copy of image7.jpeg,backend/data/Combined/Alluvial_soil/Copy of image7.jpeg,Alluvial_soil
Copy of images105.jpg,backend/data/Combined/Alluvial_soil/Copy of images105.jpg,Alluvial_soil
Copy of images19 (2).jpg,backend/data/Combined/Alluvial_soil/Copy of images19 (2).jpg,Alluvial_soil
Copy of images21.jpg,backend/data/Combined/Alluvial_soil/Copy of images21.jpg,Alluvial_soil
Copy of images386.jpg,backend/data/Combined/Alluvial_soil/Copy of images386.jpg,Alluvial_soil
Copy of images42.jpg,backend/data/Combined/Alluvial_soil/Copy of images42.jpg,Alluvial_soil
Copy of images58.jpg,backend/data/Combined/Alluvial_soil/Copy of images58.jpg,Alluvial_soil
Copy of images60.jpg,backend/data/Combined/Alluvial_soil/Copy of images60.jpg,Alluvial_soil
Copy of images64.jpg,backend/data/Combined/Alluvial_soil/Copy of images64.jpg,Alluvial_soil
Copy of images76 (2).jpg,backend/data/Combined/Alluvial_soil/Copy of images76 (2).jpg,Alluvial_soil
Copy of images77 (2).jpg,backend/data/Combined/Alluvial_soil/Copy of images77 (2).jpg,Alluvial_soil
Copy of images78 (2).jpg,backend/data/Combined/Alluvial_soil/Copy of images78 (2).jpg,Alluvial_soil
Copy of images81.jpg,backend/data/Combined/Alluvial_soil/Copy of images81.jpg,Alluvial_soil
Copy of images84.jpg,backend/data/Combined/Alluvial_soil/Copy of images84.jpg,Alluvial_soil
Copy of images86.jpg,backend/data/Combined/Alluvial_soil/Copy of images86.jpg,Alluvial_soil
Copy of images93.jpg,backend/data/Combined/Alluvial_soil/Copy of images93.jpg,Alluvial_soil
Copy of images96.jpg,backend/data/Combined/Alluvial_soil/Copy of images96.jpg,Alluvial_soil
Copy of images97.jpg,backend/data/Combined/Alluvial_soil/Copy of images97.jpg,Alluvial_soil
Copy of IMG-20220531-WA0017.jpg,backend/data/Combined/Alluvial_soil/Copy of IMG-20220531-WA0017.jpg,Alluvial_soil
Copy of IMG-20220531-WA0018.jpg,backend/data/Combined/Alluvial_soil/Copy of IMG-20220531-WA0018.jpg,Alluvial_soil
Copy of IMG-20220531-WA0019.jpg,backend/data/Combined/Alluvial_soil/Copy of IMG-20220531-WA0019.jpg,Alluvial_soil
Copy of IMG-20220531-WA0020.jpg,backend/data/Combined/Alluvial_soil/Copy of IMG-20220531-WA0020.jpg,Alluvial_soil
Copy of IMG-20220531-WA0021.jpg,backend/data/Combined/Alluvial_soil/Copy of IMG-20220531-WA0021.jpg,Alluvial_soil
Copy of IMG-20220531-WA0022.jpg,backend/data/Combined/Alluvial_soil/Copy of IMG-20220531-WA0022.jpg,Alluvial_soil
Copy of IMG-20220531-WA0023.jpg,backend/data/Combined/Alluvial_soil/Copy of IMG-20220531-WA0023.jpg,Alluvial_soil
Copy of IMG-20220531-WA0024.jpg,backend/data/Combined/Alluvial_soil/Copy of IMG-20220531-WA0024.jpg,Alluvial_soil
Copy of IMG-20220531-WA0025.jpg,backend/data/Combined/Alluvial_soil/Copy of IMG-20220531-WA0025.jpg,Alluvial_soil
Copy of IMG-20220531-WA0026.jpg,backend/data/Combined/Alluvial_soil/Copy of IMG-20220531-WA0026.jpg,Alluvial_soil
Copy of IMG-20220531-WA0027.jpg,backend/data/Combined/Alluvial_soil/Copy of IMG-20220531-WA0027.jpg,Alluvial_soil
Copy of IMG-20220531-WA0028.jpg,backend/data/Combined/Alluvial_soil/Copy of IMG-20220531-WA0028.jpg,Alluvial_soil
Copy of IMG-20220531-WA0029.jpg,backend/data/Combined/Alluvial_soil/Copy of IMG-20220531-WA0029.jpg,Alluvial_soil
Copy of IMG-20220531-WA0030.jpg,backend/data/Combined/Alluvial_soil/Copy of IMG-20220531-WA0030.jpg,Alluvial_soil
Copy of IMG-20220531-WA0031.jpg,backend/data/Combined/Alluvial_soil/Copy of IMG-20220531-WA0031.jpg,Alluvial_soil
Copy of IMG-20220531-WA0032.jpg,backend/data/Combined/Alluvial_soil/Copy of IMG-20220531-WA0032.jpg,Alluvial_soil
Copy of IMG-20220531-WA0033.jpg,backend/data/Combined/Alluvial_soil/Copy of IMG-20220531-WA0033.jpg,Alluvial_soil
Copy of IMG-20220531-WA0034.jpg,backend/data/Combined/Alluvial_soil/Copy of IMG-20220531-WA0034.jpg,Alluvial_soil
Copy of IMG-20220531-WA0035.jpg,backend/data/Combined/Alluvial_soil/Copy of IMG-20220531-WA0035.jpg,Alluvial_soil
Copy of IMG-20220531-WA0036.jpg,backend/data/Combined/Alluvial_soil/Copy of IMG-20220531-WA0036.jpg,Alluvial_soil
Copy of IMG-20220531-WA0037.jpg,backend/data/Combined/Alluvial_soil/Copy of IMG-20220531-WA0037.jpg,Alluvial_soil
Copy of IMG-20220531-WA0038.jpg,backend/data/Combined/Alluvial_soil/Copy of IMG-20220531-WA0038.jpg,Alluvial_soil
Copy of IMG-20220531-WA0039.jpg,backend/data/Combined/Alluvial_soil/Copy of IMG-20220531-WA0039.jpg,Alluvial_soil
Copy of IMG-20220531-WA0040.jpg,backend/data/Combined/Alluvial_soil/Copy of IMG-20220531-WA0040.jpg,Alluvial_soil
Copy of IMG-20220531-WA0041.jpg,backend/data/Combined/Alluvial_soil/Copy of IMG-20220531-WA0041.jpg,Alluvial_soil
Copy of IMG-20220531-WA0043.jpg,backend/data/Combined/Alluvial_soil/Copy of IMG-20220531-WA0043.jpg,Alluvial_soil
Copy of IMG-20220531-WA0044.jpg,backend/data/Combined/Alluvial_soil/Copy of IMG-20220531-WA0044.jpg,Alluvial_soil
Copy of IMG-20220531-WA0045.jpg,backend/data/Combined/Alluvial_soil/Copy of IMG-20220531-WA0045.jpg,Alluvial_soil
Copy of IMG-20220531-WA0046.jpg,backend/data/Combined/Alluvial_soil/Copy of IMG-20220531-WA0046.jpg,Alluvial_soil
Copy of IMG-20220531-WA0047.jpg,backend/data/Combined/Alluvial_soil/Copy of IMG-20220531-WA0047.jpg,Alluvial_soil
Copy of IMG-20220531-WA0048.jpg,backend/data/Combined/Alluvial_soil/Copy of IMG-20220531-WA0048.jpg,Alluvial_soil
Copy of IMG-20220531-WA0049.jpg,backend/data/Combined/Alluvial_soil/Copy of IMG-20220531-WA0049.jpg,Alluvial_soil
Copy of IMG-20220531-WA0050.jpg,backend/data/Combined/Alluvial_soil/Copy of IMG-20220531-WA0050.jpg,Alluvial_soil
Copy of IMG-20220531-WA0051.jpg,backend/data/Combined/Alluvial_soil/Copy of IMG-20220531-WA0051.jpg,Alluvial_soil
Copy of IMG-20220531-WA0052.jpg,backend/data/Combined/Alluvial_soil/Copy of IMG-20220531-WA0052.jpg,Alluvial_soil
Copy of IMG-20220531-WA0053.jpg,backend/data/Combined/Alluvial_soil/Copy of IMG-20220531-WA0053.jpg,Alluvial_soil
Copy of IMG-20220531-WA0054.jpg,backend/data/Combined/Alluvial_soil/Copy of IMG-20220531-WA0054.jpg,Alluvial_soil
Copy of IMG-20220531-WA0055.jpg,backend/data/Combined/Alluvial_soil/Copy of IMG-20220531-WA0055.jpg,Alluvial_soil
Copy of IMG-20220531-WA0056.jpg,backend/data/Combined/Alluvial_soil/Copy of IMG-20220531-WA0056.jpg,Alluvial_soil
Copy of IMG-20220531-WA0057.jpg,backend/data/Combined/Alluvial_soil/Copy of IMG-20220531-WA0057.jpg,Alluvial_soil
Copy of IMG-20220531-WA0058.jpg,backend/data/Combined/Alluvial_soil/Copy of IMG-20220531-WA0058.jpg,Alluvial_soil
Copy of IMG-20220531-WA0059.jpg,backend/data/Combined/Alluvial_soil/Copy of IMG-20220531-WA0059.jpg,Alluvial_soil
Copy of IMG-20220531-WA0060.jpg,backend/data/Combined/Alluvial_soil/Copy of IMG-20220531-WA0060.jpg,Alluvial_soil
Copy of IMG-20220531-WA0061.jpg,backend/data/Combined/Alluvial_soil/Copy of IMG-20220531-WA0061.jpg,Alluvial_soil
Copy of IMG-20220531-WA0062.jpg,backend/data/Combined/Alluvial_soil/Copy of IMG-20220531-WA0062.jpg,Alluvial_soil
Copy of IMG-20220531-WA0063.jpg,backend/data/Combined/Alluvial_soil/Copy of IMG-20220531-WA0063.jpg,Alluvial_soil
Copy of IMG-20220531-WA0064.jpg,backend/data/Combined/Alluvial_soil/Copy of IMG-20220531-WA0064.jpg,Alluvial_soil
Copy of IMG-20220531-WA0065.jpg,backend/data/Combined/Alluvial_soil/Copy of IMG-20220531-WA0065.jpg,Alluvial_soil
Copy of IMG-20220531-WA0066.jpg,backend/data/Combined/Alluvial_soil/Copy of IMG-20220531-WA0066.jpg,Alluvial_soil
Copy of IMG-20220531-WA0067.jpg,backend/data/Combined/Alluvial_soil/Copy of IMG-20220531-WA0067.jpg,Alluvial_soil
Copy of IMG-20220531-WA0068.jpg,backend/data/Combined/Alluvial_soil/Copy of IMG-20220531-WA0068.jpg,Alluvial_soil
Copy of IMG-20220531-WA0069.jpg,backend/data/Combined/Alluvial_soil/Copy of IMG-20220531-WA0069.jpg,Alluvial_soil
Copy of IMG-20220531-WA0070.jpg,backend/data/Combined/Alluvial_soil/Copy of IMG-20220531-WA0070.jpg,Alluvial_soil
Copy of IMG-20220531-WA0071.jpg,backend/data/Combined/Alluvial_soil/Copy of IMG-20220531-WA0071.jpg,Alluvial_soil
Copy of IMG-20220531-WA0072.jpg,backend/data/Combined/Alluvial_soil/Copy of IMG-20220531-WA0072.jpg,Alluvial_soil
Copy of IMG-20220531-WA0073.jpg,backend/data/Combined/Alluvial_soil/Copy of IMG-20220531-WA0073.jpg,Alluvial_soil
Copy of IMG-20220531-WA0074.jpg,backend/data/Combined/Alluvial_soil/Copy of IMG-20220531-WA0074.jpg,Alluvial_soil
Copy of IMG-20220531-WA0075.jpg,backend/data/Combined/Alluvial_soil/Copy of IMG-20220531-WA0075.jpg,Alluvial_soil
Copy of IMG-20220531-WA0076.jpg,backend/data/Combined/Alluvial_soil/Copy of IMG-20220531-WA0076.jpg,Alluvial_soil
Copy of IMG-20220531-WA0077.jpg,backend/data/Combined/Alluvial_soil/Copy of IMG-20220531-WA0077.jpg,Alluvial_soil
Copy of IMG-20220531-WA0078.jpg,backend/data/Combined/Alluvial_soil/Copy of IMG-20220531-WA0078.jpg,Alluvial_soil
Copy of IMG-20220531-WA0079.jpg,backend/data/Combined/Alluvial_soil/Copy of IMG-20220531-WA0079.jpg,Alluvial_soil
Copy of IMG-20220531-WA0080.jpg,backend/data/Combined/Alluvial_soil/Copy of IMG-20220531-WA0080.jpg,Alluvial_soil
Copy of IMG-20220531-WA0081.jpg,backend/data/Combined/Alluvial_soil/Copy of IMG-20220531-WA0081.jpg,Alluvial_soil
Copy of IMG-20220531-WA0082.jpg,backend/data/Combined/Alluvial_soil/Copy of IMG-20220531-WA0082.jpg,Alluvial_soil
Copy of IMG-20220531-WA0086.jpg,backend/data/Combined/Alluvial_soil/Copy of IMG-20220531-WA0086.jpg,Alluvial_soil
Copy of IMG-20220531-WA0087.jpg,backend/data/Combined/Alluvial_soil/Copy of IMG-20220531-WA0087.jpg,Alluvial_soil
Copy of IMG-20220531-WA0088.jpg,backend/data/Combined/Alluvial_soil/Copy of IMG-20220531-WA0088.jpg,Alluvial_soil
Copy of IMG-20220531-WA0089.jpg,backend/data/Combined/Alluvial_soil/Copy of IMG-20220531-WA0089.jpg,Alluvial_soil
Copy of IMG-20220531-WA0090.jpg,backend/data/Combined/Alluvial_soil/Copy of IMG-20220531-WA0090.jpg,Alluvial_soil
Copy of IMG-20220531-WA0091.jpg,backend/data/Combined/Alluvial_soil/Copy of IMG-20220531-WA0091.jpg,Alluvial_soil
Copy of IMG-20220531-WA0092.jpg,backend/data/Combined/Alluvial_soil/Copy of IMG-20220531-WA0092.jpg,Alluvial_soil
Copy of IMG-20220531-WA0093.jpg,backend/data/Combined/Alluvial_soil/Copy of IMG-20220531-WA0093.jpg,Alluvial_soil
Copy of IMG-20220531-WA0094.jpg,backend/data/Combined/Alluvial_soil/Copy of IMG-20220531-WA0094.jpg,Alluvial_soil
Copy of oil-a-real-close-up-of-a-part-of-the-earth-s-crust-ordinary-plain-1922365577(1).jpg,backend/data/Combined/Alluvial_soil/Copy of oil-a-real-close-up-of-a-part-of-the-earth-s-crust-ordinary-plain-1922365577(1).jpg,Alluvial_soil
Copy of oil-a-real-close-up-of-a-part-of-the-earth-s-crust-ordinary-plain-1922365577.jpg,backend/data/Combined/Alluvial_soil/Copy of oil-a-real-close-up-of-a-part-of-the-earth-s-crust-ordinary-plain-1922365577.jpg,Alluvial_soil
Copy of Photograph-showing-the-presence-of-alluvial-soil-along-stream-course-dry-near-Patlodha_Q640.jpg,backend/data/Combined/Alluvial_soil/Copy of Photograph-showing-the-presence-of-alluvial-soil-along-stream-course-dry-near-Patlodha_Q640.jpg,Alluvial_soil
Copy of photo_2022-06-01_07-04-38.jpg,backend/data/Combined/Alluvial_soil/Copy of photo_2022-06-01_07-04-38.jpg,Alluvial_soil
Copy of photo_2022-06-01_07-04-46.jpg,backend/data/Combined/Alluvial_soil/Copy of photo_2022-06-01_07-04-46.jpg,Alluvial_soil
Copy of photo_2022-06-01_07-05-32.jpg,backend/data/Combined/Alluvial_soil/Copy of photo_2022-06-01_07-05-32.jpg,Alluvial_soil
Copy of photo_2022-06-01_07-05-40.jpg,backend/data/Combined/Alluvial_soil/Copy of photo_2022-06-01_07-05-40.jpg,Alluvial_soil
Copy of photo_2022-06-01_07-05-44.jpg,backend/data/Combined/Alluvial_soil/Copy of photo_2022-06-01_07-05-44.jpg,Alluvial_soil
Copy of photo_2022-06-01_07-05-48.jpg,backend/data/Combined/Alluvial_soil/Copy of photo_2022-06-01_07-05-48.jpg,Alluvial_soil
Copy of photo_2022-06-01_07-05-52.jpg,backend/data/Combined/Alluvial_soil/Copy of photo_2022-06-01_07-05-52.jpg,Alluvial_soil
Copy of photo_2022-06-01_07-05-56.jpg,backend/data/Combined/Alluvial_soil/Copy of photo_2022-06-01_07-05-56.jpg,Alluvial_soil
Copy of photo_2022-06-01_07-06-00.jpg,backend/data/Combined/Alluvial_soil/Copy of photo_2022-06-01_07-06-00.jpg,Alluvial_soil
Copy of photo_2022-06-01_07-06-04.jpg,backend/data/Combined/Alluvial_soil/Copy of photo_2022-06-01_07-06-04.jpg,Alluvial_soil
Copy of photo_2022-06-01_07-06-07.jpg,backend/data/Combined/Alluvial_soil/Copy of photo_2022-06-01_07-06-07.jpg,Alluvial_soil
Copy of photo_2022-06-01_07-06-11.jpg,backend/data/Combined/Alluvial_soil/Copy of photo_2022-06-01_07-06-11.jpg,Alluvial_soil
Copy of photo_2022-06-01_07-06-15.jpg,backend/data/Combined/Alluvial_soil/Copy of photo_2022-06-01_07-06-15.jpg,Alluvial_soil
Copy of photo_2022-06-01_07-06-18.jpg,backend/data/Combined/Alluvial_soil/Copy of photo_2022-06-01_07-06-18.jpg,Alluvial_soil
Copy of photo_2022-06-01_07-06-23.jpg,backend/data/Combined/Alluvial_soil/Copy of photo_2022-06-01_07-06-23.jpg,Alluvial_soil
Copy of photo_2022-06-01_07-06-27.jpg,backend/data/Combined/Alluvial_soil/Copy of photo_2022-06-01_07-06-27.jpg,Alluvial_soil
Copy of photo_2022-06-01_07-06-30.jpg,backend/data/Combined/Alluvial_soil/Copy of photo_2022-06-01_07-06-30.jpg,Alluvial_soil
Copy of photo_2022-06-01_07-06-33.jpg,backend/data/Combined/Alluvial_soil/Copy of photo_2022-06-01_07-06-33.jpg,Alluvial_soil
Copy of photo_2022-06-01_07-06-37.jpg,backend/data/Combined/Alluvial_soil/Copy of photo_2022-06-01_07-06-37.jpg,Alluvial_soil
Copy of photo_2022-06-01_07-06-41.jpg,backend/data/Combined/Alluvial_soil/Copy of photo_2022-06-01_07-06-41.jpg,Alluvial_soil
Copy of photo_2022-06-01_07-06-45.jpg,backend/data/Combined/Alluvial_soil/Copy of photo_2022-06-01_07-06-45.jpg,Alluvial_soil
Copy of photo_2022-06-01_07-06-48.jpg,backend/data/Combined/Alluvial_soil/Copy of photo_2022-06-01_07-06-48.jpg,Alluvial_soil
Copy of photo_2022-06-01_07-06-52.jpg,backend/data/Combined/Alluvial_soil/Copy of photo_2022-06-01_07-06-52.jpg,Alluvial_soil
Copy of photo_2022-06-01_07-06-57.jpg,backend/data/Combined/Alluvial_soil/Copy of photo_2022-06-01_07-06-57.jpg,Alluvial_soil
Copy of photo_2022-06-01_07-07-00.jpg,backend/data/Combined/Alluvial_soil/Copy of photo_2022-06-01_07-07-00.jpg,Alluvial_soil
Copy of photo_2022-06-01_07-07-04.jpg,backend/data/Combined/Alluvial_soil/Copy of photo_2022-06-01_07-07-04.jpg,Alluvial_soil
Copy of photo_2022-06-01_07-07-08.jpg,backend/data/Combined/Alluvial_soil/Copy of photo_2022-06-01_07-07-08.jpg,Alluvial_soil
Copy of photo_2022-06-01_07-07-11.jpg,backend/data/Combined/Alluvial_soil/Copy of photo_2022-06-01_07-07-11.jpg,Alluvial_soil
Copy of photo_2022-06-01_07-07-15.jpg,backend/data/Combined/Alluvial_soil/Copy of photo_2022-06-01_07-07-15.jpg,Alluvial_soil
Copy of photo_2022-06-01_07-07-20.jpg,backend/data/Combined/Alluvial_soil/Copy of photo_2022-06-01_07-07-20.jpg,Alluvial_soil
Copy of photo_2022-06-01_07-07-37.jpg,backend/data/Combined/Alluvial_soil/Copy of photo_2022-06-01_07-07-37.jpg,Alluvial_soil
Copy of photo_2022-06-01_07-07-41.jpg,backend/data/Combined/Alluvial_soil/Copy of photo_2022-06-01_07-07-41.jpg,Alluvial_soil
Copy of photo_2022-06-01_07-07-45.jpg,backend/data/Combined/Alluvial_soil/Copy of photo_2022-06-01_07-07-45.jpg,Alluvial_soil
Copy of photo_2022-06-01_07-07-48.jpg,backend/data/Combined/Alluvial_soil/Copy of photo_2022-06-01_07-07-48.jpg,Alluvial_soil
Copy of photo_2022-06-01_07-07-52.jpg,backend/data/Combined/Alluvial_soil/Copy of photo_2022-06-01_07-07-52.jpg,Alluvial_soil
Copy of photo_2022-06-01_07-07-56.jpg,backend/data/Combined/Alluvial_soil/Copy of photo_2022-06-01_07-07-56.jpg,Alluvial_soil
Copy of photo_2022-06-01_07-08-00.jpg,backend/data/Combined/Alluvial_soil/Copy of photo_2022-06-01_07-08-00.jpg,Alluvial_soil
Copy of photo_2022-06-01_07-08-03.jpg,backend/data/Combined/Alluvial_soil/Copy of photo_2022-06-01_07-08-03.jpg,Alluvial_soil
Copy of photo_2022-06-01_07-08-07.jpg,backend/data/Combined/Alluvial_soil/Copy of photo_2022-06-01_07-08-07.jpg,Alluvial_soil
Copy of photo_2022-06-01_07-08-10.jpg,backend/data/Combined/Alluvial_soil/Copy of photo_2022-06-01_07-08-10.jpg,Alluvial_soil
Copy of photo_2022-06-01_07-08-14.jpg,backend/data/Combined/Alluvial_soil/Copy of photo_2022-06-01_07-08-14.jpg,Alluvial_soil
Copy of photo_2022-06-01_07-08-18.jpg,backend/data/Combined/Alluvial_soil/Copy of photo_2022-06-01_07-08-18.jpg,Alluvial_soil
Copy of photo_2022-06-01_07-08-22.jpg,backend/data/Combined/Alluvial_soil/Copy of photo_2022-06-01_07-08-22.jpg,Alluvial_soil
Copy of photo_2022-06-01_07-08-26.jpg,backend/data/Combined/Alluvial_soil/Copy of photo_2022-06-01_07-08-26.jpg,Alluvial_soil
Copy of photo_2022-06-01_07-08-29.jpg,backend/data/Combined/Alluvial_soil/Copy of photo_2022-06-01_07-08-29.jpg,Alluvial_soil
Copy of photo_2022-06-01_07-08-33.jpg,backend/data/Combined/Alluvial_soil/Copy of photo_2022-06-01_07-08-33.jpg,Alluvial_soil
Copy of photo_2022-06-01_07-08-36.jpg,backend/data/Combined/Alluvial_soil/Copy of photo_2022-06-01_07-08-36.jpg,Alluvial_soil
Copy of photo_2022-06-01_07-08-40.jpg,backend/data/Combined/Alluvial_soil/Copy of photo_2022-06-01_07-08-40.jpg,Alluvial_soil
Copy of photo_2022-06-01_07-08-43.jpg,backend/data/Combined/Alluvial_soil/Copy of photo_2022-06-01_07-08-43.jpg,Alluvial_soil
Copy of photo_2022-06-01_07-08-46.jpg,backend/data/Combined/Alluvial_soil/Copy of photo_2022-06-01_07-08-46.jpg,Alluvial_soil
Copy of photo_2022-06-01_07-08-50.jpg,backend/data/Combined/Alluvial_soil/Copy of photo_2022-06-01_07-08-50.jpg,Alluvial_soil
Copy of photo_2022-06-01_07-08-54.jpg,backend/data/Combined/Alluvial_soil/Copy of photo_2022-06-01_07-08-54.jpg,Alluvial_soil
Copy of photo_2022-06-01_07-08-57.jpg,backend/data/Combined/Alluvial_soil/Copy of photo_2022-06-01_07-08-57.jpg,Alluvial_soil
Copy of photo_2022-06-01_07-09-01.jpg,backend/data/Combined/Alluvial_soil/Copy of photo_2022-06-01_07-09-01.jpg,Alluvial_soil
Copy of photo_2022-06-01_07-09-04.jpg,backend/data/Combined/Alluvial_soil/Copy of photo_2022-06-01_07-09-04.jpg,Alluvial_soil
Copy of photo_2022-06-01_07-09-07.jpg,backend/data/Combined/Alluvial_soil/Copy of photo_2022-06-01_07-09-07.jpg,Alluvial_soil
Copy of photo_2022-06-01_07-09-11.jpg,backend/data/Combined/Alluvial_soil/Copy of photo_2022-06-01_07-09-11.jpg,Alluvial_soil
Copy of photo_2022-06-01_07-09-14.jpg,backend/data/Combined/Alluvial_soil/Copy of photo_2022-06-01_07-09-14.jpg,Alluvial_soil
Copy of photo_2022-06-01_07-09-17.jpg,backend/data/Combined/Alluvial_soil/Copy of photo_2022-06-01_07-09-17.jpg,Alluvial_soil
Copy of photo_2022-06-01_07-09-20.jpg,backend/data/Combined/Alluvial_soil/Copy of photo_2022-06-01_07-09-20.jpg,Alluvial_soil
Copy of photo_2022-06-01_07-09-23.jpg,backend/data/Combined/Alluvial_soil/Copy of photo_2022-06-01_07-09-23.jpg,Alluvial_soil
Copy of photo_2022-06-01_07-09-27.jpg,backend/data/Combined/Alluvial_soil/Copy of photo_2022-06-01_07-09-27.jpg,Alluvial_soil
Copy of photo_2022-06-01_07-09-31.jpg,backend/data/Combined/Alluvial_soil/Copy of photo_2022-06-01_07-09-31.jpg,Alluvial_soil
Copy of photo_2022-06-01_07-09-35.jpg,backend/data/Combined/Alluvial_soil/Copy of photo_2022-06-01_07-09-35.jpg,Alluvial_soil
Copy of photo_2022-06-01_07-09-39.jpg,backend/data/Combined/Alluvial_soil/Copy of photo_2022-06-01_07-09-39.jpg,Alluvial_soil
Copy of photo_2022-06-01_07-09-42.jpg,backend/data/Combined/Alluvial_soil/Copy of photo_2022-06-01_07-09-42.jpg,Alluvial_soil
Copy of photo_2022-06-01_07-09-46.jpg,backend/data/Combined/Alluvial_soil/Copy of photo_2022-06-01_07-09-46.jpg,Alluvial_soil
Copy of photo_2022-06-01_07-09-49.jpg,backend/data/Combined/Alluvial_soil/Copy of photo_2022-06-01_07-09-49.jpg,Alluvial_soil
Copy of photo_2022-06-01_07-09-53.jpg,backend/data/Combined/Alluvial_soil/Copy of photo_2022-06-01_07-09-53.jpg,Alluvial_soil
Copy of photo_2022-06-01_07-09-58.jpg,backend/data/Combined/Alluvial_soil/Copy of photo_2022-06-01_07-09-58.jpg,Alluvial_soil
Copy of photo_2022-06-01_07-10-02.jpg,backend/data/Combined/Alluvial_soil/Copy of photo_2022-06-01_07-10-02.jpg,Alluvial_soil
Copy of photo_2022-06-01_07-10-05.jpg,backend/data/Combined/Alluvial_soil/Copy of photo_2022-06-01_07-10-05.jpg,Alluvial_soil
Copy of photo_2022-06-01_07-10-09.jpg,backend/data/Combined/Alluvial_soil/Copy of photo_2022-06-01_07-10-09.jpg,Alluvial_soil
Copy of photo_2022-06-01_07-10-12.jpg,backend/data/Combined/Alluvial_soil/Copy of photo_2022-06-01_07-10-12.jpg,Alluvial_soil
Copy of photo_2022-06-01_07-10-15.jpg,backend/data/Combined/Alluvial_soil/Copy of photo_2022-06-01_07-10-15.jpg,Alluvial_soil
Copy of photo_2022-06-01_07-10-17.jpg,backend/data/Combined/Alluvial_soil/Copy of photo_2022-06-01_07-10-17.jpg,Alluvial_soil
Copy of photo_2022-06-01_07-10-21.jpg,backend/data/Combined/Alluvial_soil/Copy of photo_2022-06-01_07-10-21.jpg,Alluvial_soil
Copy of photo_2022-06-01_07-10-24.jpg,backend/data/Combined/Alluvial_soil/Copy of photo_2022-06-01_07-10-24.jpg,Alluvial_soil
Copy of photo_2022-06-01_07-10-28.jpg,backend/data/Combined/Alluvial_soil/Copy of photo_2022-06-01_07-10-28.jpg,Alluvial_soil
Copy of Sample10.0.jpg,backend/data/Combined/Alluvial_soil/Copy of Sample10.0.jpg,Alluvial_soil
Copy of Sample10.120.jpg,backend/data/Combined/Alluvial_soil/Copy of Sample10.120.jpg,Alluvial_soil
Copy of Sample10.150.jpg,backend/data/Combined/Alluvial_soil/Copy of Sample10.150.jpg,Alluvial_soil
Copy of Sample10.180.jpg,backend/data/Combined/Alluvial_soil/Copy of Sample10.180.jpg,Alluvial_soil
Copy of Sample10.30.jpg,backend/data/Combined/Alluvial_soil/Copy of Sample10.30.jpg,Alluvial_soil
Copy of Sample10.60.jpg,backend/data/Combined/Alluvial_soil/Copy of Sample10.60.jpg,Alluvial_soil
Copy of Sample10.90.jpg,backend/data/Combined/Alluvial_soil/Copy of Sample10.90.jpg,Alluvial_soil
Copy of Sample11.0.jpg,backend/data/Combined/Alluvial_soil/Copy of Sample11.0.jpg,Alluvial_soil
Copy of Sample11.120.jpg,backend/data/Combined/Alluvial_soil/Copy of Sample11.120.jpg,Alluvial_soil
Copy of Sample11.150.jpg,backend/data/Combined/Alluvial_soil/Copy of Sample11.150.jpg,Alluvial_soil
Copy of Sample11.180.jpg,backend/data/Combined/Alluvial_soil/Copy of Sample11.180.jpg,Alluvial_soil
Copy of Sample11.30.jpg,backend/data/Combined/Alluvial_soil/Copy of Sample11.30.jpg,Alluvial_soil
Copy of Sample11.60.jpg,backend/data/Combined/Alluvial_soil/Copy of Sample11.60.jpg,Alluvial_soil
Copy of Sample11.90.jpg,backend/data/Combined/Alluvial_soil/Copy of Sample11.90.jpg,Alluvial_soil
Copy of Sample13.0.jpg,backend/data/Combined/Alluvial_soil/Copy of Sample13.0.jpg,Alluvial_soil
Copy of Sample13.120.jpg,backend/data/Combined/Alluvial_soil/Copy of Sample13.120.jpg,Alluvial_soil
Copy of Sample13.150.jpg,backend/data/Combined/Alluvial_soil/Copy of Sample13.150.jpg,Alluvial_soil
Copy of Sample13.180.jpg,backend/data/Combined/Alluvial_soil/Copy of Sample13.180.jpg,Alluvial_soil
Copy of Sample13.30.jpg,backend/data/Combined/Alluvial_soil/Copy of Sample13.30.jpg,Alluvial_soil
Copy of Sample13.60.jpg,backend/data/Combined/Alluvial_soil/Copy of Sample13.60.jpg,Alluvial_soil
Copy of Sample13.90.jpg,backend/data/Combined/Alluvial_soil/Copy of Sample13.90.jpg,Alluvial_soil
Copy of Sample9.0.jpg,backend/data/Combined/Alluvial_soil/Copy of Sample9.0.jpg,Alluvial_soil
Copy of Sample9.120.jpg,backend/data/Combined/Alluvial_soil/Copy of Sample9.120.jpg,Alluvial_soil
Copy of Sample9.150.jpg,backend/data/Combined/Alluvial_soil/Copy of Sample9.150.jpg,Alluvial_soil
Copy of Sample9.180.jpg,backend/data/Combined/Alluvial_soil/Copy of Sample9.180.jpg,Alluvial_soil
Copy of Sample9.30.jpg,backend/data/Combined/Alluvial_soil/Copy of Sample9.30.jpg,Alluvial_soil
Copy of Sample9.60.jpg,backend/data/Combined/Alluvial_soil/Copy of Sample9.60.jpg,Alluvial_soil
Copy of Sample9.90.jpg,backend/data/Combined/Alluvial_soil/Copy of Sample9.90.jpg,Alluvial_soil
Copy of seamless-texture-dry-cracked-sand-clay-soil_97070-1703.jpg,backend/data/Combined/Alluvial_soil/Copy of seamless-texture-dry-cracked-sand-clay-soil_97070-1703.jpg,Alluvial_soil
Copy of Soils-of-India.jpg,backend/data/Combined/Alluvial_soil/Copy of Soils-of-India.jpg,Alluvial_soil
Copy of unnamed-1-2.jpg,backend/data/Combined/Alluvial_soil/Copy of unnamed-1-2.jpg,Alluvial_soil
Copy of v4-460px-Make-Clay-from-Indigenous-Soil-Step-1-Version-2.jpg,backend/data/Combined/Alluvial_soil/Copy of v4-460px-Make-Clay-from-Indigenous-Soil-Step-1-Version-2.jpg,Alluvial_soil
desktop_137249cc-6732-40b3-94e1-1381ad82c07f.jpg,backend/data/Combined/Alluvial_soil/desktop_137249cc-6732-40b3-94e1-1381ad82c07f.jpg,Alluvial_soil
image (2).jpeg,backend/data/Combined/Alluvial_soil/image (2).jpeg,Alluvial_soil
image14 (2).jpeg,backend/data/Combined/Alluvial_soil/image14 (2).jpeg,Alluvial_soil
image14 (3).jpeg,backend/data/Combined/Alluvial_soil/image14 (3).jpeg,Alluvial_soil
image15 (2).jpeg,backend/data/Combined/Alluvial_soil/image15 (2).jpeg,Alluvial_soil
image16 (2).jpeg,backend/data/Combined/Alluvial_soil/image16 (2).jpeg,Alluvial_soil
image16 (3).jpeg,backend/data/Combined/Alluvial_soil/image16 (3).jpeg,Alluvial_soil
image17 (2).jpeg,backend/data/Combined/Alluvial_soil/image17 (2).jpeg,Alluvial_soil
image18.jpeg,backend/data/Combined/Alluvial_soil/image18.jpeg,Alluvial_soil
image19 (2).jpeg,backend/data/Combined/Alluvial_soil/image19 (2).jpeg,Alluvial_soil
image2 (2).jpeg,backend/data/Combined/Alluvial_soil/image2 (2).jpeg,Alluvial_soil
image24 (2).jpeg,backend/data/Combined/Alluvial_soil/image24 (2).jpeg,Alluvial_soil
image24 (3).jpeg,backend/data/Combined/Alluvial_soil/image24 (3).jpeg,Alluvial_soil
image3 (2).jpeg,backend/data/Combined/Alluvial_soil/image3 (2).jpeg,Alluvial_soil
image30 (2).jpeg,backend/data/Combined/Alluvial_soil/image30 (2).jpeg,Alluvial_soil
image6 (2).jpeg,backend/data/Combined/Alluvial_soil/image6 (2).jpeg,Alluvial_soil
image7 (2).jpeg,backend/data/Combined/Alluvial_soil/image7 (2).jpeg,Alluvial_soil
image7.jpeg,backend/data/Combined/Alluvial_soil/image7.jpeg,Alluvial_soil
images105.jpg,backend/data/Combined/Alluvial_soil/images105.jpg,Alluvial_soil
images19 (2).jpg,backend/data/Combined/Alluvial_soil/images19 (2).jpg,Alluvial_soil
images21.jpg,backend/data/Combined/Alluvial_soil/images21.jpg,Alluvial_soil
images42.jpg,backend/data/Combined/Alluvial_soil/images42.jpg,Alluvial_soil
images58.jpg,backend/data/Combined/Alluvial_soil/images58.jpg,Alluvial_soil
images60.jpg,backend/data/Combined/Alluvial_soil/images60.jpg,Alluvial_soil
images64.jpg,backend/data/Combined/Alluvial_soil/images64.jpg,Alluvial_soil
images76 (2).jpg,backend/data/Combined/Alluvial_soil/images76 (2).jpg,Alluvial_soil
images77 (2).jpg,backend/data/Combined/Alluvial_soil/images77 (2).jpg,Alluvial_soil
images78 (2).jpg,backend/data/Combined/Alluvial_soil/images78 (2).jpg,Alluvial_soil
images81.jpg,backend/data/Combined/Alluvial_soil/images81.jpg,Alluvial_soil
images84.jpg,backend/data/Combined/Alluvial_soil/images84.jpg,Alluvial_soil
images86.jpg,backend/data/Combined/Alluvial_soil/images86.jpg,Alluvial_soil
images93.jpg,backend/data/Combined/Alluvial_soil/images93.jpg,Alluvial_soil
images96.jpg,backend/data/Combined/Alluvial_soil/images96.jpg,Alluvial_soil
images97.jpg,backend/data/Combined/Alluvial_soil/images97.jpg,Alluvial_soil
IMG-20220531-WA0017.jpg,backend/data/Combined/Alluvial_soil/IMG-20220531-WA0017.jpg,Alluvial_soil
IMG-20220531-WA0018.jpg,backend/data/Combined/Alluvial_soil/IMG-20220531-WA0018.jpg,Alluvial_soil
IMG-20220531-WA0019.jpg,backend/data/Combined/Alluvial_soil/IMG-20220531-WA0019.jpg,Alluvial_soil
IMG-20220531-WA0020.jpg,backend/data/Combined/Alluvial_soil/IMG-20220531-WA0020.jpg,Alluvial_soil
IMG-20220531-WA0021.jpg,backend/data/Combined/Alluvial_soil/IMG-20220531-WA0021.jpg,Alluvial_soil
IMG-20220531-WA0022.jpg,backend/data/Combined/Alluvial_soil/IMG-20220531-WA0022.jpg,Alluvial_soil
IMG-20220531-WA0023.jpg,backend/data/Combined/Alluvial_soil/IMG-20220531-WA0023.jpg,Alluvial_soil
IMG-20220531-WA0024.jpg,backend/data/Combined/Alluvial_soil/IMG-20220531-WA0024.jpg,Alluvial_soil
IMG-20220531-WA0025.jpg,backend/data/Combined/Alluvial_soil/IMG-20220531-WA0025.jpg,Alluvial_soil
IMG-20220531-WA0026.jpg,backend/data/Combined/Alluvial_soil/IMG-20220531-WA0026.jpg,Alluvial_soil
IMG-20220531-WA0027.jpg,backend/data/Combined/Alluvial_soil/IMG-20220531-WA0027.jpg,Alluvial_soil
IMG-20220531-WA0028.jpg,backend/data/Combined/Alluvial_soil/IMG-20220531-WA0028.jpg,Alluvial_soil
IMG-20220531-WA0029.jpg,backend/data/Combined/Alluvial_soil/IMG-20220531-WA0029.jpg,Alluvial_soil
IMG-20220531-WA0030.jpg,backend/data/Combined/Alluvial_soil/IMG-20220531-WA0030.jpg,Alluvial_soil
IMG-20220531-WA0031.jpg,backend/data/Combined/Alluvial_soil/IMG-20220531-WA0031.jpg,Alluvial_soil
IMG-20220531-WA0032.jpg,backend/data/Combined/Alluvial_soil/IMG-20220531-WA0032.jpg,Alluvial_soil
IMG-20220531-WA0033.jpg,backend/data/Combined/Alluvial_soil/IMG-20220531-WA0033.jpg,Alluvial_soil
IMG-20220531-WA0034.jpg,backend/data/Combined/Alluvial_soil/IMG-20220531-WA0034.jpg,Alluvial_soil
IMG-20220531-WA0035.jpg,backend/data/Combined/Alluvial_soil/IMG-20220531-WA0035.jpg,Alluvial_soil
IMG-20220531-WA0036.jpg,backend/data/Combined/Alluvial_soil/IMG-20220531-WA0036.jpg,Alluvial_soil
IMG-20220531-WA0037.jpg,backend/data/Combined/Alluvial_soil/IMG-20220531-WA0037.jpg,Alluvial_soil
IMG-20220531-WA0038.jpg,backend/data/Combined/Alluvial_soil/IMG-20220531-WA0038.jpg,Alluvial_soil
IMG-20220531-WA0039.jpg,backend/data/Combined/Alluvial_soil/IMG-20220531-WA0039.jpg,Alluvial_soil
IMG-20220531-WA0040.jpg,backend/data/Combined/Alluvial_soil/IMG-20220531-WA0040.jpg,Alluvial_soil
IMG-20220531-WA0041.jpg,backend/data/Combined/Alluvial_soil/IMG-20220531-WA0041.jpg,Alluvial_soil
IMG-20220531-WA0043.jpg,backend/data/Combined/Alluvial_soil/IMG-20220531-WA0043.jpg,Alluvial_soil
IMG-20220531-WA0044.jpg,backend/data/Combined/Alluvial_soil/IMG-20220531-WA0044.jpg,Alluvial_soil
IMG-20220531-WA0045.jpg,backend/data/Combined/Alluvial_soil/IMG-20220531-WA0045.jpg,Alluvial_soil
IMG-20220531-WA0046.jpg,backend/data/Combined/Alluvial_soil/IMG-20220531-WA0046.jpg,Alluvial_soil
IMG-20220531-WA0047.jpg,backend/data/Combined/Alluvial_soil/IMG-20220531-WA0047.jpg,Alluvial_soil
IMG-20220531-WA0048.jpg,backend/data/Combined/Alluvial_soil/IMG-20220531-WA0048.jpg,Alluvial_soil
IMG-20220531-WA0049.jpg,backend/data/Combined/Alluvial_soil/IMG-20220531-WA0049.jpg,Alluvial_soil
IMG-20220531-WA0050.jpg,backend/data/Combined/Alluvial_soil/IMG-20220531-WA0050.jpg,Alluvial_soil
IMG-20220531-WA0051.jpg,backend/data/Combined/Alluvial_soil/IMG-20220531-WA0051.jpg,Alluvial_soil
IMG-20220531-WA0052.jpg,backend/data/Combined/Alluvial_soil/IMG-20220531-WA0052.jpg,Alluvial_soil
IMG-20220531-WA0053.jpg,backend/data/Combined/Alluvial_soil/IMG-20220531-WA0053.jpg,Alluvial_soil
IMG-20220531-WA0054.jpg,backend/data/Combined/Alluvial_soil/IMG-20220531-WA0054.jpg,Alluvial_soil
IMG-20220531-WA0055.jpg,backend/data/Combined/Alluvial_soil/IMG-20220531-WA0055.jpg,Alluvial_soil
IMG-20220531-WA0056.jpg,backend/data/Combined/Alluvial_soil/IMG-20220531-WA0056.jpg,Alluvial_soil
IMG-20220531-WA0057.jpg,backend/data/Combined/Alluvial_soil/IMG-20220531-WA0057.jpg,Alluvial_soil
IMG-20220531-WA0058.jpg,backend/data/Combined/Alluvial_soil/IMG-20220531-WA0058.jpg,Alluvial_soil
IMG-20220531-WA0059.jpg,backend/data/Combined/Alluvial_soil/IMG-20220531-WA0059.jpg,Alluvial_soil
IMG-20220531-WA0060.jpg,backend/data/Combined/Alluvial_soil/IMG-20220531-WA0060.jpg,Alluvial_soil
IMG-20220531-WA0061.jpg,backend/data/Combined/Alluvial_soil/IMG-20220531-WA0061.jpg,Alluvial_soil
IMG-20220531-WA0062.jpg,backend/data/Combined/Alluvial_soil/IMG-20220531-WA0062.jpg,Alluvial_soil
IMG-20220531-WA0063.jpg,backend/data/Combined/Alluvial_soil/IMG-20220531-WA0063.jpg,Alluvial_soil
IMG-20220531-WA0064.jpg,backend/data/Combined/Alluvial_soil/IMG-20220531-WA0064.jpg,Alluvial_soil
IMG-20220531-WA0065.jpg,backend/data/Combined/Alluvial_soil/IMG-20220531-WA0065.jpg,Alluvial_soil
IMG-20220531-WA0066.jpg,backend/data/Combined/Alluvial_soil/IMG-20220531-WA0066.jpg,Alluvial_soil
IMG-20220531-WA0067.jpg,backend/data/Combined/Alluvial_soil/IMG-20220531-WA0067.jpg,Alluvial_soil
IMG-20220531-WA0068.jpg,backend/data/Combined/Alluvial_soil/IMG-20220531-WA0068.jpg,Alluvial_soil
IMG-20220531-WA0069.jpg,backend/data/Combined/Alluvial_soil/IMG-20220531-WA0069.jpg,Alluvial_soil
IMG-20220531-WA0070.jpg,backend/data/Combined/Alluvial_soil/IMG-20220531-WA0070.jpg,Alluvial_soil
IMG-20220531-WA0071.jpg,backend/data/Combined/Alluvial_soil/IMG-20220531-WA0071.jpg,Alluvial_soil
IMG-20220531-WA0072.jpg,backend/data/Combined/Alluvial_soil/IMG-20220531-WA0072.jpg,Alluvial_soil
IMG-20220531-WA0073.jpg,backend/data/Combined/Alluvial_soil/IMG-20220531-WA0073.jpg,Alluvial_soil
IMG-20220531-WA0074.jpg,backend/data/Combined/Alluvial_soil/IMG-20220531-WA0074.jpg,Alluvial_soil
IMG-20220531-WA0075.jpg,backend/data/Combined/Alluvial_soil/IMG-20220531-WA0075.jpg,Alluvial_soil
IMG-20220531-WA0076.jpg,backend/data/Combined/Alluvial_soil/IMG-20220531-WA0076.jpg,Alluvial_soil
IMG-20220531-WA0077.jpg,backend/data/Combined/Alluvial_soil/IMG-20220531-WA0077.jpg,Alluvial_soil
IMG-20220531-WA0078.jpg,backend/data/Combined/Alluvial_soil/IMG-20220531-WA0078.jpg,Alluvial_soil
IMG-20220531-WA0079.jpg,backend/data/Combined/Alluvial_soil/IMG-20220531-WA0079.jpg,Alluvial_soil
IMG-20220531-WA0080.jpg,backend/data/Combined/Alluvial_soil/IMG-20220531-WA0080.jpg,Alluvial_soil
IMG-20220531-WA0081.jpg,backend/data/Combined/Alluvial_soil/IMG-20220531-WA0081.jpg,Alluvial_soil
IMG-20220531-WA0082.jpg,backend/data/Combined/Alluvial_soil/IMG-20220531-WA0082.jpg,Alluvial_soil
IMG-20220531-WA0086.jpg,backend/data/Combined/Alluvial_soil/IMG-20220531-WA0086.jpg,Alluvial_soil
IMG-20220531-WA0087.jpg,backend/data/Combined/Alluvial_soil/IMG-20220531-WA0087.jpg,Alluvial_soil
IMG-20220531-WA0088.jpg,backend/data/Combined/Alluvial_soil/IMG-20220531-WA0088.jpg,Alluvial_soil
IMG-20220531-WA0089.jpg,backend/data/Combined/Alluvial_soil/IMG-20220531-WA0089.jpg,Alluvial_soil
IMG-20220531-WA0090.jpg,backend/data/Combined/Alluvial_soil/IMG-20220531-WA0090.jpg,Alluvial_soil
IMG-20220531-WA0091.jpg,backend/data/Combined/Alluvial_soil/IMG-20220531-WA0091.jpg,Alluvial_soil
IMG-20220531-WA0092.jpg,backend/data/Combined/Alluvial_soil/IMG-20220531-WA0092.jpg,Alluvial_soil
IMG-20220531-WA0093.jpg,backend/data/Combined/Alluvial_soil/IMG-20220531-WA0093.jpg,Alluvial_soil
IMG-20220531-WA0094.jpg,backend/data/Combined/Alluvial_soil/IMG-20220531-WA0094.jpg,Alluvial_soil
oil-a-real-close-up-of-a-part-of-the-earth-s-crust-ordinary-plain-1922365577.jpg,backend/data/Combined/Alluvial_soil/oil-a-real-close-up-of-a-part-of-the-earth-s-crust-ordinary-plain-1922365577.jpg,Alluvial_soil
Photograph-showing-the-presence-of-alluvial-soil-along-stream-course-dry-near-Patlodha_Q640.jpg,backend/data/Combined/Alluvial_soil/Photograph-showing-the-presence-of-alluvial-soil-along-stream-course-dry-near-Patlodha_Q640.jpg,Alluvial_soil
photo_2022-06-01_07-04-38.jpg,backend/data/Combined/Alluvial_soil/photo_2022-06-01_07-04-38.jpg,Alluvial_soil
photo_2022-06-01_07-04-46.jpg,backend/data/Combined/Alluvial_soil/photo_2022-06-01_07-04-46.jpg,Alluvial_soil
photo_2022-06-01_07-05-32.jpg,backend/data/Combined/Alluvial_soil/photo_2022-06-01_07-05-32.jpg,Alluvial_soil
photo_2022-06-01_07-05-40.jpg,backend/data/Combined/Alluvial_soil/photo_2022-06-01_07-05-40.jpg,Alluvial_soil
photo_2022-06-01_07-05-44.jpg,backend/data/Combined/Alluvial_soil/photo_2022-06-01_07-05-44.jpg,Alluvial_soil
photo_2022-06-01_07-05-48.jpg,backend/data/Combined/Alluvial_soil/photo_2022-06-01_07-05-48.jpg,Alluvial_soil
photo_2022-06-01_07-05-52.jpg,backend/data/Combined/Alluvial_soil/photo_2022-06-01_07-05-52.jpg,Alluvial_soil
photo_2022-06-01_07-05-56.jpg,backend/data/Combined/Alluvial_soil/photo_2022-06-01_07-05-56.jpg,Alluvial_soil
photo_2022-06-01_07-06-00.jpg,backend/data/Combined/Alluvial_soil/photo_2022-06-01_07-06-00.jpg,Alluvial_soil
photo_2022-06-01_07-06-04.jpg,backend/data/Combined/Alluvial_soil/photo_2022-06-01_07-06-04.jpg,Alluvial_soil
photo_2022-06-01_07-06-07.jpg,backend/data/Combined/Alluvial_soil/photo_2022-06-01_07-06-07.jpg,Alluvial_soil
photo_2022-06-01_07-06-11.jpg,backend/data/Combined/Alluvial_soil/photo_2022-06-01_07-06-11.jpg,Alluvial_soil
photo_2022-06-01_07-06-15.jpg,backend/data/Combined/Alluvial_soil/photo_2022-06-01_07-06-15.jpg,Alluvial_soil
photo_2022-06-01_07-06-18.jpg,backend/data/Combined/Alluvial_soil/photo_2022-06-01_07-06-18.jpg,Alluvial_soil
photo_2022-06-01_07-06-23.jpg,backend/data/Combined/Alluvial_soil/photo_2022-06-01_07-06-23.jpg,Alluvial_soil
photo_2022-06-01_07-06-27.jpg,backend/data/Combined/Alluvial_soil/photo_2022-06-01_07-06-27.jpg,Alluvial_soil
photo_2022-06-01_07-06-30.jpg,backend/data/Combined/Alluvial_soil/photo_2022-06-01_07-06-30.jpg,Alluvial_soil
photo_2022-06-01_07-06-33.jpg,backend/data/Combined/Alluvial_soil/photo_2022-06-01_07-06-33.jpg,Alluvial_soil
photo_2022-06-01_07-06-37.jpg,backend/data/Combined/Alluvial_soil/photo_2022-06-01_07-06-37.jpg,Alluvial_soil
photo_2022-06-01_07-06-41.jpg,backend/data/Combined/Alluvial_soil/photo_2022-06-01_07-06-41.jpg,Alluvial_soil
photo_2022-06-01_07-06-45.jpg,backend/data/Combined/Alluvial_soil/photo_2022-06-01_07-06-45.jpg,Alluvial_soil
photo_2022-06-01_07-06-48.jpg,backend/data/Combined/Alluvial_soil/photo_2022-06-01_07-06-48.jpg,Alluvial_soil
photo_2022-06-01_07-06-52.jpg,backend/data/Combined/Alluvial_soil/photo_2022-06-01_07-06-52.jpg,Alluvial_soil
photo_2022-06-01_07-06-57.jpg,backend/data/Combined/Alluvial_soil/photo_2022-06-01_07-06-57.jpg,Alluvial_soil
photo_2022-06-01_07-07-00.jpg,backend/data/Combined/Alluvial_soil/photo_2022-06-01_07-07-00.jpg,Alluvial_soil
photo_2022-06-01_07-07-04.jpg,backend/data/Combined/Alluvial_soil/photo_2022-06-01_07-07-04.jpg,Alluvial_soil
photo_2022-06-01_07-07-08.jpg,backend/data/Combined/Alluvial_soil/photo_2022-06-01_07-07-08.jpg,Alluvial_soil
photo_2022-06-01_07-07-11.jpg,backend/data/Combined/Alluvial_soil/photo_2022-06-01_07-07-11.jpg,Alluvial_soil
photo_2022-06-01_07-07-15.jpg,backend/data/Combined/Alluvial_soil/photo_2022-06-01_07-07-15.jpg,Alluvial_soil
photo_2022-06-01_07-07-20.jpg,backend/data/Combined/Alluvial_soil/photo_2022-06-01_07-07-20.jpg,Alluvial_soil
photo_2022-06-01_07-07-37.jpg,backend/data/Combined/Alluvial_soil/photo_2022-06-01_07-07-37.jpg,Alluvial_soil
photo_2022-06-01_07-07-41.jpg,backend/data/Combined/Alluvial_soil/photo_2022-06-01_07-07-41.jpg,Alluvial_soil
photo_2022-06-01_07-07-45.jpg,backend/data/Combined/Alluvial_soil/photo_2022-06-01_07-07-45.jpg,Alluvial_soil
photo_2022-06-01_07-07-48.jpg,backend/data/Combined/Alluvial_soil/photo_2022-06-01_07-07-48.jpg,Alluvial_soil
photo_2022-06-01_07-07-52.jpg,backend/data/Combined/Alluvial_soil/photo_2022-06-01_07-07-52.jpg,Alluvial_soil
photo_2022-06-01_07-07-56.jpg,backend/data/Combined/Alluvial_soil/photo_2022-06-01_07-07-56.jpg,Alluvial_soil
photo_2022-06-01_07-08-00.jpg,backend/data/Combined/Alluvial_soil/photo_2022-06-01_07-08-00.jpg,Alluvial_soil
photo_2022-06-01_07-08-03.jpg,backend/data/Combined/Alluvial_soil/photo_2022-06-01_07-08-03.jpg,Alluvial_soil
photo_2022-06-01_07-08-07.jpg,backend/data/Combined/Alluvial_soil/photo_2022-06-01_07-08-07.jpg,Alluvial_soil
photo_2022-06-01_07-08-10.jpg,backend/data/Combined/Alluvial_soil/photo_2022-06-01_07-08-10.jpg,Alluvial_soil
photo_2022-06-01_07-08-14.jpg,backend/data/Combined/Alluvial_soil/photo_2022-06-01_07-08-14.jpg,Alluvial_soil
photo_2022-06-01_07-08-18.jpg,backend/data/Combined/Alluvial_soil/photo_2022-06-01_07-08-18.jpg,Alluvial_soil
photo_2022-06-01_07-08-22.jpg,backend/data/Combined/Alluvial_soil/photo_2022-06-01_07-08-22.jpg,Alluvial_soil
photo_2022-06-01_07-08-26.jpg,backend/data/Combined/Alluvial_soil/photo_2022-06-01_07-08-26.jpg,Alluvial_soil
photo_2022-06-01_07-08-29.jpg,backend/data/Combined/Alluvial_soil/photo_2022-06-01_07-08-29.jpg,Alluvial_soil
photo_2022-06-01_07-08-33.jpg,backend/data/Combined/Alluvial_soil/photo_2022-06-01_07-08-33.jpg,Alluvial_soil
photo_2022-06-01_07-08-36.jpg,backend/data/Combined/Alluvial_soil/photo_2022-06-01_07-08-36.jpg,Alluvial_soil
photo_2022-06-01_07-08-40.jpg,backend/data/Combined/Alluvial_soil/photo_2022-06-01_07-08-40.jpg,Alluvial_soil
photo_2022-06-01_07-08-43.jpg,backend/data/Combined/Alluvial_soil/photo_2022-06-01_07-08-43.jpg,Alluvial_soil
photo_2022-06-01_07-08-46.jpg,backend/data/Combined/Alluvial_soil/photo_2022-06-01_07-08-46.jpg,Alluvial_soil
photo_2022-06-01_07-08-50.jpg,backend/data/Combined/Alluvial_soil/photo_2022-06-01_07-08-50.jpg,Alluvial_soil
photo_2022-06-01_07-08-54.jpg,backend/data/Combined/Alluvial_soil/photo_2022-06-01_07-08-54.jpg,Alluvial_soil
photo_2022-06-01_07-08-57.jpg,backend/data/Combined/Alluvial_soil/photo_2022-06-01_07-08-57.jpg,Alluvial_soil
photo_2022-06-01_07-09-01.jpg,backend/data/Combined/Alluvial_soil/photo_2022-06-01_07-09-01.jpg,Alluvial_soil
photo_2022-06-01_07-09-04.jpg,backend/data/Combined/Alluvial_soil/photo_2022-06-01_07-09-04.jpg,Alluvial_soil
photo_2022-06-01_07-09-07.jpg,backend/data/Combined/Alluvial_soil/photo_2022-06-01_07-09-07.jpg,Alluvial_soil
photo_2022-06-01_07-09-11.jpg,backend/data/Combined/Alluvial_soil/photo_2022-06-01_07-09-11.jpg,Alluvial_soil
photo_2022-06-01_07-09-14.jpg,backend/data/Combined/Alluvial_soil/photo_2022-06-01_07-09-14.jpg,Alluvial_soil
photo_2022-06-01_07-09-17.jpg,backend/data/Combined/Alluvial_soil/photo_2022-06-01_07-09-17.jpg,Alluvial_soil
photo_2022-06-01_07-09-20.jpg,backend/data/Combined/Alluvial_soil/photo_2022-06-01_07-09-20.jpg,Alluvial_soil
photo_2022-06-01_07-09-23.jpg,backend/data/Combined/Alluvial_soil/photo_2022-06-01_07-09-23.jpg,Alluvial_soil
photo_2022-06-01_07-09-27.jpg,backend/data/Combined/Alluvial_soil/photo_2022-06-01_07-09-27.jpg,Alluvial_soil
photo_2022-06-01_07-09-31.jpg,backend/data/Combined/Alluvial_soil/photo_2022-06-01_07-09-31.jpg,Alluvial_soil
photo_2022-06-01_07-09-35.jpg,backend/data/Combined/Alluvial_soil/photo_2022-06-01_07-09-35.jpg,Alluvial_soil
photo_2022-06-01_07-09-39.jpg,backend/data/Combined/Alluvial_soil/photo_2022-06-01_07-09-39.jpg,Alluvial_soil
photo_2022-06-01_07-09-42.jpg,backend/data/Combined/Alluvial_soil/photo_2022-06-01_07-09-42.jpg,Alluvial_soil
photo_2022-06-01_07-09-46.jpg,backend/data/Combined/Alluvial_soil/photo_2022-06-01_07-09-46.jpg,Alluvial_soil
photo_2022-06-01_07-09-49.jpg,backend/data/Combined/Alluvial_soil/photo_2022-06-01_07-09-49.jpg,Alluvial_soil
photo_2022-06-01_07-09-53.jpg,backend/data/Combined/Alluvial_soil/photo_2022-06-01_07-09-53.jpg,Alluvial_soil
photo_2022-06-01_07-09-58.jpg,backend/data/Combined/Alluvial_soil/photo_2022-06-01_07-09-58.jpg,Alluvial_soil
photo_2022-06-01_07-10-02.jpg,backend/data/Combined/Alluvial_soil/photo_2022-06-01_07-10-02.jpg,Alluvial_soil
photo_2022-06-01_07-10-05.jpg,backend/data/Combined/Alluvial_soil/photo_2022-06-01_07-10-05.jpg,Alluvial_soil
photo_2022-06-01_07-10-09.jpg,backend/data/Combined/Alluvial_soil/photo_2022-06-01_07-10-09.jpg,Alluvial_soil
photo_2022-06-01_07-10-12.jpg,backend/data/Combined/Alluvial_soil/photo_2022-06-01_07-10-12.jpg,Alluvial_soil
photo_2022-06-01_07-10-15.jpg,backend/data/Combined/Alluvial_soil/photo_2022-06-01_07-10-15.jpg,Alluvial_soil
photo_2022-06-01_07-10-17.jpg,backend/data/Combined/Alluvial_soil/photo_2022-06-01_07-10-17.jpg,Alluvial_soil
photo_2022-06-01_07-10-21.jpg,backend/data/Combined/Alluvial_soil/photo_2022-06-01_07-10-21.jpg,Alluvial_soil
photo_2022-06-01_07-10-24.jpg,backend/data/Combined/Alluvial_soil/photo_2022-06-01_07-10-24.jpg,Alluvial_soil
photo_2022-06-01_07-10-28.jpg,backend/data/Combined/Alluvial_soil/photo_2022-06-01_07-10-28.jpg,Alluvial_soil
Sample10.0.jpg,backend/data/Combined/Alluvial_soil/Sample10.0.jpg,Alluvial_soil
Sample10.120.jpg,backend/data/Combined/Alluvial_soil/Sample10.120.jpg,Alluvial_soil
Sample10.150.jpg,backend/data/Combined/Alluvial_soil/Sample10.150.jpg,Alluvial_soil
Sample10.180.jpg,backend/data/Combined/Alluvial_soil/Sample10.180.jpg,Alluvial_soil
Sample10.30.jpg,backend/data/Combined/Alluvial_soil/Sample10.30.jpg,Alluvial_soil
Sample10.60.jpg,backend/data/Combined/Alluvial_soil/Sample10.60.jpg,Alluvial_soil
Sample10.90.jpg,backend/data/Combined/Alluvial_soil/Sample10.90.jpg,Alluvial_soil
Sample11.0.jpg,backend/data/Combined/Alluvial_soil/Sample11.0.jpg,Alluvial_soil
Sample11.120.jpg,backend/data/Combined/Alluvial_soil/Sample11.120.jpg,Alluvial_soil
Sample11.150.jpg,backend/data/Combined/Alluvial_soil/Sample11.150.jpg,Alluvial_soil
Sample11.180.jpg,backend/data/Combined/Alluvial_soil/Sample11.180.jpg,Alluvial_soil
Sample11.30.jpg,backend/data/Combined/Alluvial_soil/Sample11.30.jpg,Alluvial_soil
Sample11.60.jpg,backend/data/Combined/Alluvial_soil/Sample11.60.jpg,Alluvial_soil
Sample11.90.jpg,backend/data/Combined/Alluvial_soil/Sample11.90.jpg,Alluvial_soil
Sample13.0.jpg,backend/data/Combined/Alluvial_soil/Sample13.0.jpg,Alluvial_soil
Sample13.120.jpg,backend/data/Combined/Alluvial_soil/Sample13.120.jpg,Alluvial_soil
Sample13.150.jpg,backend/data/Combined/Alluvial_soil/Sample13.150.jpg,Alluvial_soil
Sample13.180.jpg,backend/data/Combined/Alluvial_soil/Sample13.180.jpg,Alluvial_soil
Sample13.30.jpg,backend/data/Combined/Alluvial_soil/Sample13.30.jpg,Alluvial_soil
Sample13.60.jpg,backend/data/Combined/Alluvial_soil/Sample13.60.jpg,Alluvial_soil
Sample13.90.jpg,backend/data/Combined/Alluvial_soil/Sample13.90.jpg,Alluvial_soil
Sample9.0.jpg,backend/data/Combined/Alluvial_soil/Sample9.0.jpg,Alluvial_soil
Sample9.120.jpg,backend/data/Combined/Alluvial_soil/Sample9.120.jpg,Alluvial_soil
Sample9.150.jpg,backend/data/Combined/Alluvial_soil/Sample9.150.jpg,Alluvial_soil
Sample9.180.jpg,backend/data/Combined/Alluvial_soil/Sample9.180.jpg,Alluvial_soil
Sample9.30.jpg,backend/data/Combined/Alluvial_soil/Sample9.30.jpg,Alluvial_soil
Sample9.60.jpg,backend/data/Combined/Alluvial_soil/Sample9.60.jpg,Alluvial_soil
Sample9.90.jpg,backend/data/Combined/Alluvial_soil/Sample9.90.jpg,Alluvial_soil
seamless-texture-dry-cracked-sand-clay-soil_97070-1703.jpg,backend/data/Combined/Alluvial_soil/seamless-texture-dry-cracked-sand-clay-soil_97070-1703.jpg,Alluvial_soil
soil1.png,backend/data/Combined/Alluvial_soil/soil1.png,Alluvial_soil
Soils-of-India.jpg,backend/data/Combined/Alluvial_soil/Soils-of-India.jpg,Alluvial_soil
unnamed-1-2.jpg,backend/data/Combined/Alluvial_soil/unnamed-1-2.jpg,Alluvial_soil
v4-460px-Make-Clay-from-Indigenous-Soil-Step-1-Version-2.jpg,backend/data/Combined/Alluvial_soil/v4-460px-Make-Clay-from-Indigenous-Soil-Step-1-Version-2.jpg,Alluvial_soil
1.jpg,backend/data/Combined/Black_soil/1.jpg,Black_soil
10.jpg,backend/data/Combined/Black_soil/10.jpg,Black_soil
100.jpg,backend/data/Combined/Black_soil/100.jpg,Black_soil
102.jpg,backend/data/Combined/Black_soil/102.jpg,Black_soil
102a.jpg,backend/data/Combined/Black_soil/102a.jpg,Black_soil
103.jpg,backend/data/Combined/Black_soil/103.jpg,Black_soil
104.jpg,backend/data/Combined/Black_soil/104.jpg,Black_soil
104a.jpg,backend/data/Combined/Black_soil/104a.jpg,Black_soil
106.jpg,backend/data/Combined/Black_soil/106.jpg,Black_soil
107.jpg,backend/data/Combined/Black_soil/107.jpg,Black_soil
108.jpg,backend/data/Combined/Black_soil/108.jpg,Black_soil
109.jpg,backend/data/Combined/Black_soil/109.jpg,Black_soil
11.jpg,backend/data/Combined/Black_soil/11.jpg,Black_soil
110.jpg,backend/data/Combined/Black_soil/110.jpg,Black_soil
111.jpg,backend/data/Combined/Black_soil/111.jpg,Black_soil
112.jpg,backend/data/Combined/Black_soil/112.jpg,Black_soil
113.jpg,backend/data/Combined/Black_soil/113.jpg,Black_soil
114.jpg,backend/data/Combined/Black_soil/114.jpg,Black_soil
115.jpg,backend/data/Combined/Black_soil/115.jpg,Black_soil
115a.jpg,backend/data/Combined/Black_soil/115a.jpg,Black_soil
116.jpg,backend/data/Combined/Black_soil/116.jpg,Black_soil
117.jpg,backend/data/Combined/Black_soil/117.jpg,Black_soil
118.jpg,backend/data/Combined/Black_soil/118.jpg,Black_soil
119.jpg,backend/data/Combined/Black_soil/119.jpg,Black_soil
12.jpg,backend/data/Combined/Black_soil/12.jpg,Black_soil
120.jpg,backend/data/Combined/Black_soil/120.jpg,Black_soil
121.jpg,backend/data/Combined/Black_soil/121.jpg,Black_soil
122.jpg,backend/data/Combined/Black_soil/122.jpg,Black_soil
123.jpg,backend/data/Combined/Black_soil/123.jpg,Black_soil
124.jpg,backend/data/Combined/Black_soil/124.jpg,Black_soil
125.jpg,backend/data/Combined/Black_soil/125.jpg,Black_soil
126.jpg,backend/data/Combined/Black_soil/126.jpg,Black_soil
127.jpg,backend/data/Combined/Black_soil/127.jpg,Black_soil
127a.jpg,backend/data/Combined/Black_soil/127a.jpg,Black_soil
128.jpg,backend/data/Combined/Black_soil/128.jpg,Black_soil
128a.jpg,backend/data/Combined/Black_soil/128a.jpg,Black_soil
128b.jpg,backend/data/Combined/Black_soil/128b.jpg,Black_soil
128c.jpg,backend/data/Combined/Black_soil/128c.jpg,Black_soil
129.jpg,backend/data/Combined/Black_soil/129.jpg,Black_soil
13.jpg,backend/data/Combined/Black_soil/13.jpg,Black_soil
130.jpg,backend/data/Combined/Black_soil/130.jpg,Black_soil
131.jpg,backend/data/Combined/Black_soil/131.jpg,Black_soil
132.jpg,backend/data/Combined/Black_soil/132.jpg,Black_soil
133.jpg,backend/data/Combined/Black_soil/133.jpg,Black_soil
134.jpg,backend/data/Combined/Black_soil/134.jpg,Black_soil
134a.jpg,backend/data/Combined/Black_soil/134a.jpg,Black_soil
135.jpg,backend/data/Combined/Black_soil/135.jpg,Black_soil
136.jpg,backend/data/Combined/Black_soil/136.jpg,Black_soil
137.jpg,backend/data/Combined/Black_soil/137.jpg,Black_soil
138.jpg,backend/data/Combined/Black_soil/138.jpg,Black_soil
139.jpg,backend/data/Combined/Black_soil/139.jpg,Black_soil
13a.jpg,backend/data/Combined/Black_soil/13a.jpg,Black_soil
14.jpg,backend/data/Combined/Black_soil/14.jpg,Black_soil
140.jpg,backend/data/Combined/Black_soil/140.jpg,Black_soil
140a.jpg,backend/data/Combined/Black_soil/140a.jpg,Black_soil
141.jpg,backend/data/Combined/Black_soil/141.jpg,Black_soil
142.jpg,backend/data/Combined/Black_soil/142.jpg,Black_soil
143.jpg,backend/data/Combined/Black_soil/143.jpg,Black_soil
144.jpg,backend/data/Combined/Black_soil/144.jpg,Black_soil
146.jpg,backend/data/Combined/Black_soil/146.jpg,Black_soil
147.jpg,backend/data/Combined/Black_soil/147.jpg,Black_soil
148.jpg,backend/data/Combined/Black_soil/148.jpg,Black_soil
149.jpg,backend/data/Combined/Black_soil/149.jpg,Black_soil
15.jpg,backend/data/Combined/Black_soil/15.jpg,Black_soil
150.jpg,backend/data/Combined/Black_soil/150.jpg,Black_soil
151.jpg,backend/data/Combined/Black_soil/151.jpg,Black_soil
152.jpg,backend/data/Combined/Black_soil/152.jpg,Black_soil
153.jpg,backend/data/Combined/Black_soil/153.jpg,Black_soil
154.jpg,backend/data/Combined/Black_soil/154.jpg,Black_soil
155.jpg,backend/data/Combined/Black_soil/155.jpg,Black_soil
156.jpg,backend/data/Combined/Black_soil/156.jpg,Black_soil
157.jpg,backend/data/Combined/Black_soil/157.jpg,Black_soil
157a.jpg,backend/data/Combined/Black_soil/157a.jpg,Black_soil
158.jpg,backend/data/Combined/Black_soil/158.jpg,Black_soil
159.jpg,backend/data/Combined/Black_soil/159.jpg,Black_soil
159a.jpg,backend/data/Combined/Black_soil/159a.jpg,Black_soil
16.jpg,backend/data/Combined/Black_soil/16.jpg,Black_soil
160.jpg,backend/data/Combined/Black_soil/160.jpg,Black_soil
162.jpg,backend/data/Combined/Black_soil/162.jpg,Black_soil
163.jpg,backend/data/Combined/Black_soil/163.jpg,Black_soil
164.jpg,backend/data/Combined/Black_soil/164.jpg,Black_soil
164a.jpg,backend/data/Combined/Black_soil/164a.jpg,Black_soil
165.jpg,backend/data/Combined/Black_soil/165.jpg,Black_soil
166.jpg,backend/data/Combined/Black_soil/166.jpg,Black_soil
167.jpg,backend/data/Combined/Black_soil/167.jpg,Black_soil
167a.jpg,backend/data/Combined/Black_soil/167a.jpg,Black_soil
168.jpg,backend/data/Combined/Black_soil/168.jpg,Black_soil
169.jpg,backend/data/Combined/Black_soil/169.jpg,Black_soil
17.jpg,backend/data/Combined/Black_soil/17.jpg,Black_soil
170.jpg,backend/data/Combined/Black_soil/170.jpg,Black_soil
171.jpg,backend/data/Combined/Black_soil/171.jpg,Black_soil
171a.jpg,backend/data/Combined/Black_soil/171a.jpg,Black_soil
172.jpg,backend/data/Combined/Black_soil/172.jpg,Black_soil
174.jpg,backend/data/Combined/Black_soil/174.jpg,Black_soil
174a.jpg,backend/data/Combined/Black_soil/174a.jpg,Black_soil
175.jpg,backend/data/Combined/Black_soil/175.jpg,Black_soil
176.jpg,backend/data/Combined/Black_soil/176.jpg,Black_soil
176a.jpg,backend/data/Combined/Black_soil/176a.jpg,Black_soil
177.jpg,backend/data/Combined/Black_soil/177.jpg,Black_soil
178.jpg,backend/data/Combined/Black_soil/178.jpg,Black_soil
179.jpg,backend/data/Combined/Black_soil/179.jpg,Black_soil
18.jpg,backend/data/Combined/Black_soil/18.jpg,Black_soil
180.jpg,backend/data/Combined/Black_soil/180.jpg,Black_soil
181.jpg,backend/data/Combined/Black_soil/181.jpg,Black_soil
182.jpg,backend/data/Combined/Black_soil/182.jpg,Black_soil
183.jpg,backend/data/Combined/Black_soil/183.jpg,Black_soil
183a.jpg,backend/data/Combined/Black_soil/183a.jpg,Black_soil
183b.jpg,backend/data/Combined/Black_soil/183b.jpg,Black_soil
184.jpg,backend/data/Combined/Black_soil/184.jpg,Black_soil
184a.jpg,backend/data/Combined/Black_soil/184a.jpg,Black_soil
185.jpg,backend/data/Combined/Black_soil/185.jpg,Black_soil
186.jpg,backend/data/Combined/Black_soil/186.jpg,Black_soil
188.jpg,backend/data/Combined/Black_soil/188.jpg,Black_soil
188a.jpg,backend/data/Combined/Black_soil/188a.jpg,Black_soil
188b.jpg,backend/data/Combined/Black_soil/188b.jpg,Black_soil
188c.jpg,backend/data/Combined/Black_soil/188c.jpg,Black_soil
189.jpg,backend/data/Combined/Black_soil/189.jpg,Black_soil
19.jpg,backend/data/Combined/Black_soil/19.jpg,Black_soil
190.jpg,backend/data/Combined/Black_soil/190.jpg,Black_soil
191.jpg,backend/data/Combined/Black_soil/191.jpg,Black_soil
192.jpg,backend/data/Combined/Black_soil/192.jpg,Black_soil
193.jpg,backend/data/Combined/Black_soil/193.jpg,Black_soil
194.jpg,backend/data/Combined/Black_soil/194.jpg,Black_soil
195.jpg,backend/data/Combined/Black_soil/195.jpg,Black_soil
196.jpg,backend/data/Combined/Black_soil/196.jpg,Black_soil
197.jpg,backend/data/Combined/Black_soil/197.jpg,Black_soil
199.jpg,backend/data/Combined/Black_soil/199.jpg,Black_soil
1a.jpg,backend/data/Combined/Black_soil/1a.jpg,Black_soil
2.jpg,backend/data/Combined/Black_soil/2.jpg,Black_soil
20.jpg,backend/data/Combined/Black_soil/20.jpg,Black_soil
200.jpg,backend/data/Combined/Black_soil/200.jpg,Black_soil
201.jpg,backend/data/Combined/Black_soil/201.jpg,Black_soil
202.jpg,backend/data/Combined/Black_soil/202.jpg,Black_soil
203.jpg,backend/data/Combined/Black_soil/203.jpg,Black_soil
205.jpg,backend/data/Combined/Black_soil/205.jpg,Black_soil
206.jpg,backend/data/Combined/Black_soil/206.jpg,Black_soil
207.jpg,backend/data/Combined/Black_soil/207.jpg,Black_soil
208.jpg,backend/data/Combined/Black_soil/208.jpg,Black_soil
209.jpg,backend/data/Combined/Black_soil/209.jpg,Black_soil
20a.jpg,backend/data/Combined/Black_soil/20a.jpg,Black_soil
21.jpg,backend/data/Combined/Black_soil/21.jpg,Black_soil
210.jpg,backend/data/Combined/Black_soil/210.jpg,Black_soil
211.jpg,backend/data/Combined/Black_soil/211.jpg,Black_soil
212.jpg,backend/data/Combined/Black_soil/212.jpg,Black_soil
213.jpg,backend/data/Combined/Black_soil/213.jpg,Black_soil
214.jpg,backend/data/Combined/Black_soil/214.jpg,Black_soil
215.jpg,backend/data/Combined/Black_soil/215.jpg,Black_soil
216.jpg,backend/data/Combined/Black_soil/216.jpg,Black_soil
217.jpg,backend/data/Combined/Black_soil/217.jpg,Black_soil
218.jpg,backend/data/Combined/Black_soil/218.jpg,Black_soil
218a.jpg,backend/data/Combined/Black_soil/218a.jpg,Black_soil
218b.jpg,backend/data/Combined/Black_soil/218b.jpg,Black_soil
218c.jpg,backend/data/Combined/Black_soil/218c.jpg,Black_soil
21a.jpg,backend/data/Combined/Black_soil/21a.jpg,Black_soil
22.jpg,backend/data/Combined/Black_soil/22.jpg,Black_soil
220.jpg,backend/data/Combined/Black_soil/220.jpg,Black_soil
221.jpg,backend/data/Combined/Black_soil/221.jpg,Black_soil
222.jpg,backend/data/Combined/Black_soil/222.jpg,Black_soil
223.jpg,backend/data/Combined/Black_soil/223.jpg,Black_soil
224.jpg,backend/data/Combined/Black_soil/224.jpg,Black_soil
23.jpg,backend/data/Combined/Black_soil/23.jpg,Black_soil
24.jpg,backend/data/Combined/Black_soil/24.jpg,Black_soil
24a.jpg,backend/data/Combined/Black_soil/24a.jpg,Black_soil
25.jpg,backend/data/Combined/Black_soil/25.jpg,Black_soil
26.jpg,backend/data/Combined/Black_soil/26.jpg,Black_soil
268.jpg,backend/data/Combined/Black_soil/268.jpg,Black_soil
26a.jpg,backend/data/Combined/Black_soil/26a.jpg,Black_soil
27.jpg,backend/data/Combined/Black_soil/27.jpg,Black_soil
28.jpg,backend/data/Combined/Black_soil/28.jpg,Black_soil
29.jpg,backend/data/Combined/Black_soil/29.jpg,Black_soil
3.jpg,backend/data/Combined/Black_soil/3.jpg,Black_soil
30.jpg,backend/data/Combined/Black_soil/30.jpg,Black_soil
31.jpg,backend/data/Combined/Black_soil/31.jpg,Black_soil
32.jpg,backend/data/Combined/Black_soil/32.jpg,Black_soil
33.jpg,backend/data/Combined/Black_soil/33.jpg,Black_soil
34.jpg,backend/data/Combined/Black_soil/34.jpg,Black_soil
35.jpg,backend/data/Combined/Black_soil/35.jpg,Black_soil
36.jpg,backend/data/Combined/Black_soil/36.jpg,Black_soil
36a.jpg,backend/data/Combined/Black_soil/36a.jpg,Black_soil
37.jpg,backend/data/Combined/Black_soil/37.jpg,Black_soil
39.jpg,backend/data/Combined/Black_soil/39.jpg,Black_soil
4.jpg,backend/data/Combined/Black_soil/4.jpg,Black_soil
40.jpg,backend/data/Combined/Black_soil/40.jpg,Black_soil
41.jpg,backend/data/Combined/Black_soil/41.jpg,Black_soil
42.jpg,backend/data/Combined/Black_soil/42.jpg,Black_soil
43.jpg,backend/data/Combined/Black_soil/43.jpg,Black_soil
44.jpg,backend/data/Combined/Black_soil/44.jpg,Black_soil
45.jpg,backend/data/Combined/Black_soil/45.jpg,Black_soil
46.jpg,backend/data/Combined/Black_soil/46.jpg,Black_soil
47.jpg,backend/data/Combined/Black_soil/47.jpg,Black_soil
48.jpg,backend/data/Combined/Black_soil/48.jpg,Black_soil
49.jpg,backend/data/Combined/Black_soil/49.jpg,Black_soil
5.jpg,backend/data/Combined/Black_soil/5.jpg,Black_soil
50.jpg,backend/data/Combined/Black_soil/50.jpg,Black_soil
50a.jpg,backend/data/Combined/Black_soil/50a.jpg,Black_soil
51.jpg,backend/data/Combined/Black_soil/51.jpg,Black_soil
52.jpg,backend/data/Combined/Black_soil/52.jpg,Black_soil
53.jpg,backend/data/Combined/Black_soil/53.jpg,Black_soil
53a.jpg,backend/data/Combined/Black_soil/53a.jpg,Black_soil
53b.jpg,backend/data/Combined/Black_soil/53b.jpg,Black_soil
54.jpg,backend/data/Combined/Black_soil/54.jpg,Black_soil
55.jpg,backend/data/Combined/Black_soil/55.jpg,Black_soil
56.jpg,backend/data/Combined/Black_soil/56.jpg,Black_soil
57.jpg,backend/data/Combined/Black_soil/57.jpg,Black_soil
58.jpg,backend/data/Combined/Black_soil/58.jpg,Black_soil
59.jpg,backend/data/Combined/Black_soil/59.jpg,Black_soil
59a.jpg,backend/data/Combined/Black_soil/59a.jpg,Black_soil
6.jpg,backend/data/Combined/Black_soil/6.jpg,Black_soil
60.jpg,backend/data/Combined/Black_soil/60.jpg,Black_soil
61.jpg,backend/data/Combined/Black_soil/61.jpg,Black_soil
62.jpg,backend/data/Combined/Black_soil/62.jpg,Black_soil
63.jpg,backend/data/Combined/Black_soil/63.jpg,Black_soil
64.jpg,backend/data/Combined/Black_soil/64.jpg,Black_soil
64a.jpg,backend/data/Combined/Black_soil/64a.jpg,Black_soil
65.jpg,backend/data/Combined/Black_soil/65.jpg,Black_soil
66.jpg,backend/data/Combined/Black_soil/66.jpg,Black_soil
67.jpg,backend/data/Combined/Black_soil/67.jpg,Black_soil
68.jpg,backend/data/Combined/Black_soil/68.jpg,Black_soil
69.jpg,backend/data/Combined/Black_soil/69.jpg,Black_soil
7.jpg,backend/data/Combined/Black_soil/7.jpg,Black_soil
70.jpg,backend/data/Combined/Black_soil/70.jpg,Black_soil
71.jpg,backend/data/Combined/Black_soil/71.jpg,Black_soil
72.jpg,backend/data/Combined/Black_soil/72.jpg,Black_soil
73.jpg,backend/data/Combined/Black_soil/73.jpg,Black_soil
74.jpg,backend/data/Combined/Black_soil/74.jpg,Black_soil
75.jpg,backend/data/Combined/Black_soil/75.jpg,Black_soil
75a.jpg,backend/data/Combined/Black_soil/75a.jpg,Black_soil
76.jpg,backend/data/Combined/Black_soil/76.jpg,Black_soil
76a.jpg,backend/data/Combined/Black_soil/76a.jpg,Black_soil
77.jpg,backend/data/Combined/Black_soil/77.jpg,Black_soil
77a.jpg,backend/data/Combined/Black_soil/77a.jpg,Black_soil
78.jpg,backend/data/Combined/Black_soil/78.jpg,Black_soil
79.jpg,backend/data/Combined/Black_soil/79.jpg,Black_soil
8.jpg,backend/data/Combined/Black_soil/8.jpg,Black_soil
80.jpg,backend/data/Combined/Black_soil/80.jpg,Black_soil
80a.jpg,backend/data/Combined/Black_soil/80a.jpg,Black_soil
81.jpg,backend/data/Combined/Black_soil/81.jpg,Black_soil
82.jpg,backend/data/Combined/Black_soil/82.jpg,Black_soil
83.jpg,backend/data/Combined/Black_soil/83.jpg,Black_soil
84.jpg,backend/data/Combined/Black_soil/84.jpg,Black_soil
84a.jpg,backend/data/Combined/Black_soil/84a.jpg,Black_soil
85.jpg,backend/data/Combined/Black_soil/85.jpg,Black_soil
87.jpg,backend/data/Combined/Black_soil/87.jpg,Black_soil
88.jpg,backend/data/Combined/Black_soil/88.jpg,Black_soil
89.jpg,backend/data/Combined/Black_soil/89.jpg,Black_soil
9.jpg,backend/data/Combined/Black_soil/9.jpg,Black_soil
90.jpg,backend/data/Combined/Black_soil/90.jpg,Black_soil
91.jpg,backend/data/Combined/Black_soil/91.jpg,Black_soil
92.jpg,backend/data/Combined/Black_soil/92.jpg,Black_soil
93.jpg,backend/data/Combined/Black_soil/93.jpg,Black_soil
94.jpg,backend/data/Combined/Black_soil/94.jpg,Black_soil
95.jpg,backend/data/Combined/Black_soil/95.jpg,Black_soil
97.jpg,backend/data/Combined/Black_soil/97.jpg,Black_soil
98.jpg,backend/data/Combined/Black_soil/98.jpg,Black_soil
99.jpg,backend/data/Combined/Black_soil/99.jpg,Black_soil
Black_1.jpg,backend/data/Combined/Black_soil/Black_1.jpg,Black_soil
Black_10.jpg,backend/data/Combined/Black_soil/Black_10.jpg,Black_soil
Black_11.jpg,backend/data/Combined/Black_soil/Black_11.jpg,Black_soil
Black_12.jpg,backend/data/Combined/Black_soil/Black_12.jpg,Black_soil
Black_13.jpg,backend/data/Combined/Black_soil/Black_13.jpg,Black_soil
Black_14.jpg,backend/data/Combined/Black_soil/Black_14.jpg,Black_soil
Black_15.jpg,backend/data/Combined/Black_soil/Black_15.jpg,Black_soil
Black_16.jpg,backend/data/Combined/Black_soil/Black_16.jpg,Black_soil
Black_17.jpg,backend/data/Combined/Black_soil/Black_17.jpg,Black_soil
Black_18.jpg,backend/data/Combined/Black_soil/Black_18.jpg,Black_soil
Black_19.jpg,backend/data/Combined/Black_soil/Black_19.jpg,Black_soil
Black_2.jpg,backend/data/Combined/Black_soil/Black_2.jpg,Black_soil
Black_20.jpg,backend/data/Combined/Black_soil/Black_20.jpg,Black_soil
Black_21.jpg,backend/data/Combined/Black_soil/Black_21.jpg,Black_soil
Black_22.jpg,backend/data/Combined/Black_soil/Black_22.jpg,Black_soil
Black_23.jpg,backend/data/Combined/Black_soil/Black_23.jpg,Black_soil
Black_24.jpg,backend/data/Combined/Black_soil/Black_24.jpg,Black_soil
Black_25.jpg,backend/data/Combined/Black_soil/Black_25.jpg,Black_soil
Black_26.jpg,backend/data/Combined/Black_soil/Black_26.jpg,Black_soil
Black_27.jpg,backend/data/Combined/Black_soil/Black_27.jpg,Black_soil
Black_28.jpg,backend/data/Combined/Black_soil/Black_28.jpg,Black_soil
Black_29.jpg,backend/data/Combined/Black_soil/Black_29.jpg,Black_soil
Black_3.jpg,backend/data/Combined/Black_soil/Black_3.jpg,Black_soil
Black_30.jpg,backend/data/Combined/Black_soil/Black_30.jpg,Black_soil
Black_31.jpg,backend/data/Combined/Black_soil/Black_31.jpg,Black_soil
Black_32.jpg,backend/data/Combined/Black_soil/Black_32.jpg,Black_soil
Black_33.jpg,backend/data/Combined/Black_soil/Black_33.jpg,Black_soil
Black_34.jpg,backend/data/Combined/Black_soil/Black_34.jpg,Black_soil
Black_35.jpg,backend/data/Combined/Black_soil/Black_35.jpg,Black_soil
Black_36.jpg,backend/data/Combined/Black_soil/Black_36.jpg,Black_soil
Black_37.jpg,backend/data/Combined/Black_soil/Black_37.jpg,Black_soil
Black_38.jpg,backend/data/Combined/Black_soil/Black_38.jpg,Black_soil
Black_39.jpg,backend/data/Combined/Black_soil/Black_39.jpg,Black_soil
Black_4.jpg,backend/data/Combined/Black_soil/Black_4.jpg,Black_soil
Black_40.jpg,backend/data/Combined/Black_soil/Black_40.jpg,Black_soil
Black_41.jpg,backend/data/Combined/Black_soil/Black_41.jpg,Black_soil
Black_42.jpg,backend/data/Combined/Black_soil/Black_42.jpg,Black_soil
Black_43.jpg,backend/data/Combined/Black_soil/Black_43.jpg,Black_soil
Black_44.jpg,backend/data/Combined/Black_soil/Black_44.jpg,Black_soil
Black_45.jpg,backend/data/Combined/Black_soil/Black_45.jpg,Black_soil
Black_46.jpg,backend/data/Combined/Black_soil/Black_46.jpg,Black_soil
Black_47.jpg,backend/data/Combined/Black_soil/Black_47.jpg,Black_soil
Black_5.jpg,backend/data/Combined/Black_soil/Black_5.jpg,Black_soil
Black_6.jpg,backend/data/Combined/Black_soil/Black_6.jpg,Black_soil
Black_7.jpg,backend/data/Combined/Black_soil/Black_7.jpg,Black_soil
Black_8.jpg,backend/data/Combined/Black_soil/Black_8.jpg,Black_soil
Black_9.jpg,backend/data/Combined/Black_soil/Black_9.jpg,Black_soil
Copy of Copy of images434.jpg,backend/data/Combined/Black_soil/Copy of Copy of images434.jpg,Black_soil
Copy of Copy of images435(1).jpg,backend/data/Combined/Black_soil/Copy of Copy of images435(1).jpg,Black_soil
Copy of Copy of images435.jpg,backend/data/Combined/Black_soil/Copy of Copy of images435.jpg,Black_soil
Copy of Copy of images436(1).jpg,backend/data/Combined/Black_soil/Copy of Copy of images436(1).jpg,Black_soil
Copy of Copy of images436.jpg,backend/data/Combined/Black_soil/Copy of Copy of images436.jpg,Black_soil
Copy of Copy of images437(1).jpg,backend/data/Combined/Black_soil/Copy of Copy of images437(1).jpg,Black_soil
Copy of Copy of images437.jpg,backend/data/Combined/Black_soil/Copy of Copy of images437.jpg,Black_soil
Copy of Copy of indian-soils-6.jpg,backend/data/Combined/Black_soil/Copy of Copy of indian-soils-6.jpg,Black_soil
Copy of Copy of kalimitti2.jpg,backend/data/Combined/Black_soil/Copy of Copy of kalimitti2.jpg,Black_soil
Copy of Copy of Sample7.0.jpg,backend/data/Combined/Black_soil/Copy of Copy of Sample7.0.jpg,Black_soil
Copy of Copy of Sample7.30.jpg,backend/data/Combined/Black_soil/Copy of Copy of Sample7.30.jpg,Black_soil
Copy of image27(1).jpeg,backend/data/Combined/Black_soil/Copy of image27(1).jpeg,Black_soil
Copy of image27.jpeg,backend/data/Combined/Black_soil/Copy of image27.jpeg,Black_soil
Copy of images258(1).jpg,backend/data/Combined/Black_soil/Copy of images258(1).jpg,Black_soil
Copy of images258.jpg,backend/data/Combined/Black_soil/Copy of images258.jpg,Black_soil
Copy of images267(1).jpg,backend/data/Combined/Black_soil/Copy of images267(1).jpg,Black_soil
Copy of images267.jpg,backend/data/Combined/Black_soil/Copy of images267.jpg,Black_soil
Copy of images271(1).jpg,backend/data/Combined/Black_soil/Copy of images271(1).jpg,Black_soil
Copy of images271.jpg,backend/data/Combined/Black_soil/Copy of images271.jpg,Black_soil
Copy of images274(1).jpg,backend/data/Combined/Black_soil/Copy of images274(1).jpg,Black_soil
Copy of images274.jpg,backend/data/Combined/Black_soil/Copy of images274.jpg,Black_soil
Copy of images280(1).jpg,backend/data/Combined/Black_soil/Copy of images280(1).jpg,Black_soil
Copy of images280.jpg,backend/data/Combined/Black_soil/Copy of images280.jpg,Black_soil
Copy of images281(1).jpg,backend/data/Combined/Black_soil/Copy of images281(1).jpg,Black_soil
Copy of images281.jpg,backend/data/Combined/Black_soil/Copy of images281.jpg,Black_soil
Copy of images284(1).jpg,backend/data/Combined/Black_soil/Copy of images284(1).jpg,Black_soil
Copy of images284.jpg,backend/data/Combined/Black_soil/Copy of images284.jpg,Black_soil
Copy of images287(1).jpg,backend/data/Combined/Black_soil/Copy of images287(1).jpg,Black_soil
Copy of images287.jpg,backend/data/Combined/Black_soil/Copy of images287.jpg,Black_soil
Copy of images298(1).jpg,backend/data/Combined/Black_soil/Copy of images298(1).jpg,Black_soil
Copy of images298.jpg,backend/data/Combined/Black_soil/Copy of images298.jpg,Black_soil
Copy of images305(1).jpg,backend/data/Combined/Black_soil/Copy of images305(1).jpg,Black_soil
Copy of images305.jpg,backend/data/Combined/Black_soil/Copy of images305.jpg,Black_soil
Copy of images318(1).jpg,backend/data/Combined/Black_soil/Copy of images318(1).jpg,Black_soil
Copy of images318.jpg,backend/data/Combined/Black_soil/Copy of images318.jpg,Black_soil
Copy of images337(1).jpg,backend/data/Combined/Black_soil/Copy of images337(1).jpg,Black_soil
Copy of images337.jpg,backend/data/Combined/Black_soil/Copy of images337.jpg,Black_soil
Copy of images347(1).jpg,backend/data/Combined/Black_soil/Copy of images347(1).jpg,Black_soil
Copy of images347.jpg,backend/data/Combined/Black_soil/Copy of images347.jpg,Black_soil
Copy of images350(1).jpg,backend/data/Combined/Black_soil/Copy of images350(1).jpg,Black_soil
Copy of images350.jpg,backend/data/Combined/Black_soil/Copy of images350.jpg,Black_soil
Copy of images359(1).jpg,backend/data/Combined/Black_soil/Copy of images359(1).jpg,Black_soil
Copy of images359.jpg,backend/data/Combined/Black_soil/Copy of images359.jpg,Black_soil
Copy of images363(1).jpg,backend/data/Combined/Black_soil/Copy of images363(1).jpg,Black_soil
Copy of images363.jpg,backend/data/Combined/Black_soil/Copy of images363.jpg,Black_soil
Copy of images365(1).jpg,backend/data/Combined/Black_soil/Copy of images365(1).jpg,Black_soil
Copy of images365.jpg,backend/data/Combined/Black_soil/Copy of images365.jpg,Black_soil
Copy of images371(1).jpg,backend/data/Combined/Black_soil/Copy of images371(1).jpg,Black_soil
Copy of images371.jpg,backend/data/Combined/Black_soil/Copy of images371.jpg,Black_soil
Copy of images375(1).jpg,backend/data/Combined/Black_soil/Copy of images375(1).jpg,Black_soil
Copy of images375.jpg,backend/data/Combined/Black_soil/Copy of images375.jpg,Black_soil
Copy of images386.jpg,backend/data/Combined/Black_soil/Copy of images386.jpg,Black_soil
Copy of images390(1).jpg,backend/data/Combined/Black_soil/Copy of images390(1).jpg,Black_soil
Copy of images390.jpg,backend/data/Combined/Black_soil/Copy of images390.jpg,Black_soil
Copy of images391(1).jpg,backend/data/Combined/Black_soil/Copy of images391(1).jpg,Black_soil
Copy of images391.jpg,backend/data/Combined/Black_soil/Copy of images391.jpg,Black_soil
Copy of images392(1).jpg,backend/data/Combined/Black_soil/Copy of images392(1).jpg,Black_soil
Copy of images392.jpg,backend/data/Combined/Black_soil/Copy of images392.jpg,Black_soil
Copy of images393(1).jpg,backend/data/Combined/Black_soil/Copy of images393(1).jpg,Black_soil
Copy of images393.jpg,backend/data/Combined/Black_soil/Copy of images393.jpg,Black_soil
Copy of images394(1).jpg,backend/data/Combined/Black_soil/Copy of images394(1).jpg,Black_soil
Copy of images394.jpg,backend/data/Combined/Black_soil/Copy of images394.jpg,Black_soil
Copy of images395(1).jpg,backend/data/Combined/Black_soil/Copy of images395(1).jpg,Black_soil
Copy of images395.jpg,backend/data/Combined/Black_soil/Copy of images395.jpg,Black_soil
Copy of images396(1).jpg,backend/data/Combined/Black_soil/Copy of images396(1).jpg,Black_soil
Copy of images396.jpg,backend/data/Combined/Black_soil/Copy of images396.jpg,Black_soil
Copy of images397(1).jpg,backend/data/Combined/Black_soil/Copy of images397(1).jpg,Black_soil
Copy of images397.jpg,backend/data/Combined/Black_soil/Copy of images397.jpg,Black_soil
Copy of images398(1).jpg,backend/data/Combined/Black_soil/Copy of images398(1).jpg,Black_soil
Copy of images398.jpg,backend/data/Combined/Black_soil/Copy of images398.jpg,Black_soil
Copy of images399.jpg,backend/data/Combined/Black_soil/Copy of images399.jpg,Black_soil
Copy of images400.jpg,backend/data/Combined/Black_soil/Copy of images400.jpg,Black_soil
Copy of images401.jpg,backend/data/Combined/Black_soil/Copy of images401.jpg,Black_soil
Copy of images403.jpg,backend/data/Combined/Black_soil/Copy of images403.jpg,Black_soil
Copy of images404.jpg,backend/data/Combined/Black_soil/Copy of images404.jpg,Black_soil
Copy of images405(1).jpg,backend/data/Combined/Black_soil/Copy of images405(1).jpg,Black_soil
Copy of images405.jpg,backend/data/Combined/Black_soil/Copy of images405.jpg,Black_soil
Copy of images406(1).jpg,backend/data/Combined/Black_soil/Copy of images406(1).jpg,Black_soil
Copy of images406.jpg,backend/data/Combined/Black_soil/Copy of images406.jpg,Black_soil
Copy of images408(1).jpg,backend/data/Combined/Black_soil/Copy of images408(1).jpg,Black_soil
Copy of images408.jpg,backend/data/Combined/Black_soil/Copy of images408.jpg,Black_soil
Copy of images409(1).jpg,backend/data/Combined/Black_soil/Copy of images409(1).jpg,Black_soil
Copy of images409.jpg,backend/data/Combined/Black_soil/Copy of images409.jpg,Black_soil
Copy of images410(1).jpg,backend/data/Combined/Black_soil/Copy of images410(1).jpg,Black_soil
Copy of images410.jpg,backend/data/Combined/Black_soil/Copy of images410.jpg,Black_soil
Copy of images413(1).jpg,backend/data/Combined/Black_soil/Copy of images413(1).jpg,Black_soil
Copy of images413.jpg,backend/data/Combined/Black_soil/Copy of images413.jpg,Black_soil
Copy of images414(1).jpg,backend/data/Combined/Black_soil/Copy of images414(1).jpg,Black_soil
Copy of images414.jpg,backend/data/Combined/Black_soil/Copy of images414.jpg,Black_soil
Copy of images415(1).jpg,backend/data/Combined/Black_soil/Copy of images415(1).jpg,Black_soil
Copy of images415.jpg,backend/data/Combined/Black_soil/Copy of images415.jpg,Black_soil
Copy of images416(1).jpg,backend/data/Combined/Black_soil/Copy of images416(1).jpg,Black_soil
Copy of images416.jpg,backend/data/Combined/Black_soil/Copy of images416.jpg,Black_soil
Copy of images417(1).jpg,backend/data/Combined/Black_soil/Copy of images417(1).jpg,Black_soil
Copy of images417.jpg,backend/data/Combined/Black_soil/Copy of images417.jpg,Black_soil
Copy of images418(1).jpg,backend/data/Combined/Black_soil/Copy of images418(1).jpg,Black_soil
Copy of images418.jpg,backend/data/Combined/Black_soil/Copy of images418.jpg,Black_soil
Copy of images419(1).jpg,backend/data/Combined/Black_soil/Copy of images419(1).jpg,Black_soil
Copy of images419.jpg,backend/data/Combined/Black_soil/Copy of images419.jpg,Black_soil
Copy of images420(1).jpg,backend/data/Combined/Black_soil/Copy of images420(1).jpg,Black_soil
Copy of images420.jpg,backend/data/Combined/Black_soil/Copy of images420.jpg,Black_soil
Copy of images421(1).jpg,backend/data/Combined/Black_soil/Copy of images421(1).jpg,Black_soil
Copy of images421.jpg,backend/data/Combined/Black_soil/Copy of images421.jpg,Black_soil
Copy of images422(1).jpg,backend/data/Combined/Black_soil/Copy of images422(1).jpg,Black_soil
Copy of images422.jpg,backend/data/Combined/Black_soil/Copy of images422.jpg,Black_soil
Copy of images423(1).jpg,backend/data/Combined/Black_soil/Copy of images423(1).jpg,Black_soil
Copy of images423.jpg,backend/data/Combined/Black_soil/Copy of images423.jpg,Black_soil
Copy of images424(1).jpg,backend/data/Combined/Black_soil/Copy of images424(1).jpg,Black_soil
Copy of images424.jpg,backend/data/Combined/Black_soil/Copy of images424.jpg,Black_soil
Copy of images425(1).jpg,backend/data/Combined/Black_soil/Copy of images425(1).jpg,Black_soil
Copy of images425.jpg,backend/data/Combined/Black_soil/Copy of images425.jpg,Black_soil
Copy of images427(1).jpg,backend/data/Combined/Black_soil/Copy of images427(1).jpg,Black_soil
Copy of images427.jpg,backend/data/Combined/Black_soil/Copy of images427.jpg,Black_soil
Copy of images428(1).jpg,backend/data/Combined/Black_soil/Copy of images428(1).jpg,Black_soil
Copy of images428.jpg,backend/data/Combined/Black_soil/Copy of images428.jpg,Black_soil
Copy of images429(1).jpg,backend/data/Combined/Black_soil/Copy of images429(1).jpg,Black_soil
Copy of images429.jpg,backend/data/Combined/Black_soil/Copy of images429.jpg,Black_soil
Copy of images430.jpg,backend/data/Combined/Black_soil/Copy of images430.jpg,Black_soil
Copy of images431(1).jpg,backend/data/Combined/Black_soil/Copy of images431(1).jpg,Black_soil
Copy of images431.jpg,backend/data/Combined/Black_soil/Copy of images431.jpg,Black_soil
Copy of images432(1).jpg,backend/data/Combined/Black_soil/Copy of images432(1).jpg,Black_soil
Copy of images432.jpg,backend/data/Combined/Black_soil/Copy of images432.jpg,Black_soil
Copy of images433.jpg,backend/data/Combined/Black_soil/Copy of images433.jpg,Black_soil
Copy of images434.jpg,backend/data/Combined/Black_soil/Copy of images434.jpg,Black_soil
Copy of images435(1).jpg,backend/data/Combined/Black_soil/Copy of images435(1).jpg,Black_soil
Copy of images435.jpg,backend/data/Combined/Black_soil/Copy of images435.jpg,Black_soil
Copy of images436(1).jpg,backend/data/Combined/Black_soil/Copy of images436(1).jpg,Black_soil
Copy of images436.jpg,backend/data/Combined/Black_soil/Copy of images436.jpg,Black_soil
Copy of images437(1).jpg,backend/data/Combined/Black_soil/Copy of images437(1).jpg,Black_soil
Copy of images437.jpg,backend/data/Combined/Black_soil/Copy of images437.jpg,Black_soil
Copy of indian-soils-6.jpg,backend/data/Combined/Black_soil/Copy of indian-soils-6.jpg,Black_soil
Copy of kalimitti2.jpg,backend/data/Combined/Black_soil/Copy of kalimitti2.jpg,Black_soil
Copy of Sample4.30.jpg,backend/data/Combined/Black_soil/Copy of Sample4.30.jpg,Black_soil
Copy of Sample7.0.jpg,backend/data/Combined/Black_soil/Copy of Sample7.0.jpg,Black_soil
Copy of Sample7.30.jpg,backend/data/Combined/Black_soil/Copy of Sample7.30.jpg,Black_soil
image27.jpeg,backend/data/Combined/Black_soil/image27.jpeg,Black_soil
images258.jpg,backend/data/Combined/Black_soil/images258.jpg,Black_soil
images267.jpg,backend/data/Combined/Black_soil/images267.jpg,Black_soil
images271.jpg,backend/data/Combined/Black_soil/images271.jpg,Black_soil
images274.jpg,backend/data/Combined/Black_soil/images274.jpg,Black_soil
images280.jpg,backend/data/Combined/Black_soil/images280.jpg,Black_soil
images281.jpg,backend/data/Combined/Black_soil/images281.jpg,Black_soil
images284.jpg,backend/data/Combined/Black_soil/images284.jpg,Black_soil
images287.jpg,backend/data/Combined/Black_soil/images287.jpg,Black_soil
images298.jpg,backend/data/Combined/Black_soil/images298.jpg,Black_soil
images305.jpg,backend/data/Combined/Black_soil/images305.jpg,Black_soil
images318.jpg,backend/data/Combined/Black_soil/images318.jpg,Black_soil
images337.jpg,backend/data/Combined/Black_soil/images337.jpg,Black_soil
images347.jpg,backend/data/Combined/Black_soil/images347.jpg,Black_soil
images350.jpg,backend/data/Combined/Black_soil/images350.jpg,Black_soil
images359.jpg,backend/data/Combined/Black_soil/images359.jpg,Black_soil
images363.jpg,backend/data/Combined/Black_soil/images363.jpg,Black_soil
images365.jpg,backend/data/Combined/Black_soil/images365.jpg,Black_soil
images371.jpg,backend/data/Combined/Black_soil/images371.jpg,Black_soil
images375.jpg,backend/data/Combined/Black_soil/images375.jpg,Black_soil
images386.jpg,backend/data/Combined/Black_soil/images386.jpg,Black_soil
images391.jpg,backend/data/Combined/Black_soil/images391.jpg,Black_soil
images392.jpg,backend/data/Combined/Black_soil/images392.jpg,Black_soil
images393.jpg,backend/data/Combined/Black_soil/images393.jpg,Black_soil
images395.jpg,backend/data/Combined/Black_soil/images395.jpg,Black_soil
images396.jpg,backend/data/Combined/Black_soil/images396.jpg,Black_soil
images398.jpg,backend/data/Combined/Black_soil/images398.jpg,Black_soil
images399.jpg,backend/data/Combined/Black_soil/images399.jpg,Black_soil
images400.jpg,backend/data/Combined/Black_soil/images400.jpg,Black_soil
images401.jpg,backend/data/Combined/Black_soil/images401.jpg,Black_soil
images403.jpg,backend/data/Combined/Black_soil/images403.jpg,Black_soil
images404.jpg,backend/data/Combined/Black_soil/images404.jpg,Black_soil
images430.jpg,backend/data/Combined/Black_soil/images430.jpg,Black_soil
images433.jpg,backend/data/Combined/Black_soil/images433.jpg,Black_soil
images434.jpg,backend/data/Combined/Black_soil/images434.jpg,Black_soil
indian-soils-6.jpg,backend/data/Combined/Black_soil/indian-soils-6.jpg,Black_soil
kalimitti2.jpg,backend/data/Combined/Black_soil/kalimitti2.jpg,Black_soil
photo_2022-06-01_07-07-32.jpg,backend/data/Combined/Black_soil/photo_2022-06-01_07-07-32.jpg,Black_soil
Sample4.30.jpg,backend/data/Combined/Black_soil/Sample4.30.jpg,Black_soil
Sample7.0.jpg,backend/data/Combined/Black_soil/Sample7.0.jpg,Black_soil
Sample7.120.jpg,backend/data/Combined/Black_soil/Sample7.120.jpg,Black_soil
Sample7.150.jpg,backend/data/Combined/Black_soil/Sample7.150.jpg,Black_soil
Sample7.180.jpg,backend/data/Combined/Black_soil/Sample7.180.jpg,Black_soil
Sample7.30.jpg,backend/data/Combined/Black_soil/Sample7.30.jpg,Black_soil
Sample7.60.jpg,backend/data/Combined/Black_soil/Sample7.60.jpg,Black_soil
Sample7.90.jpg,backend/data/Combined/Black_soil/Sample7.90.jpg,Black_soil
1523893451317.jpeg,backend/data/Combined/Clay_soil/1523893451317.jpeg,Clay_soil
91714675-background-of-red-clay-the-real-desert-soil.png,backend/data/Combined/Clay_soil/91714675-background-of-red-clay-the-real-desert-soil.png,Clay_soil
94530057-red-clay-soil-on-nature-as-a-background-.png,backend/data/Combined/Clay_soil/94530057-red-clay-soil-on-nature-as-a-background-.png,Clay_soil
AdobeStock_277261663.jpg,backend/data/Combined/Clay_soil/AdobeStock_277261663.jpg,Clay_soil
Bamboo_for_clay_soil_main.jpg,backend/data/Combined/Clay_soil/Bamboo_for_clay_soil_main.jpg,Clay_soil
BLOG_Clay_soil_1024_500_x500.png,backend/data/Combined/Clay_soil/BLOG_Clay_soil_1024_500_x500.png,Clay_soil
clay-260nw-614429543.png,backend/data/Combined/Clay_soil/clay-260nw-614429543.png,Clay_soil
Clay-Soil(2).jpg,backend/data/Combined/Clay_soil/Clay-Soil(2).jpg,Clay_soil
clay-soil-close-up-brown-179039817.jpg,backend/data/Combined/Clay_soil/clay-soil-close-up-brown-179039817.jpg,Clay_soil
clay-soil-cropped.jpg,backend/data/Combined/Clay_soil/clay-soil-cropped.jpg,Clay_soil
clay-soil-cut-red-color-clay-clay-soil-cut-red-color-clay-184254602.jpg,backend/data/Combined/Clay_soil/clay-soil-cut-red-color-clay-clay-soil-cut-red-color-clay-184254602.jpg,Clay_soil
clay-soil-field.jpg,backend/data/Combined/Clay_soil/clay-soil-field.jpg,Clay_soil
clay-soil.jpg,backend/data/Combined/Clay_soil/clay-soil.jpg,Clay_soil
clay-soil2.jpg,backend/data/Combined/Clay_soil/clay-soil2.jpg,Clay_soil
clay-soils-2.jpg,backend/data/Combined/Clay_soil/clay-soils-2.jpg,Clay_soil
clay.jpg,backend/data/Combined/Clay_soil/clay.jpg,Clay_soil
Clayey-Soil-img.jpg,backend/data/Combined/Clay_soil/Clayey-Soil-img.jpg,Clay_soil
Clay_1.jpg,backend/data/Combined/Clay_soil/Clay_1.jpg,Clay_soil
Clay_10.jpg,backend/data/Combined/Clay_soil/Clay_10.jpg,Clay_soil
Clay_11.jpg,backend/data/Combined/Clay_soil/Clay_11.jpg,Clay_soil
Clay_12.jpg,backend/data/Combined/Clay_soil/Clay_12.jpg,Clay_soil
Clay_13.jpg,backend/data/Combined/Clay_soil/Clay_13.jpg,Clay_soil
Clay_14.jpg,backend/data/Combined/Clay_soil/Clay_14.jpg,Clay_soil
Clay_15.jpg,backend/data/Combined/Clay_soil/Clay_15.jpg,Clay_soil
Clay_16.jpg,backend/data/Combined/Clay_soil/Clay_16.jpg,Clay_soil
Clay_17.jpg,backend/data/Combined/Clay_soil/Clay_17.jpg,Clay_soil
Clay_18.jpg,backend/data/Combined/Clay_soil/Clay_18.jpg,Clay_soil
Clay_19.jpg,backend/data/Combined/Clay_soil/Clay_19.jpg,Clay_soil
Clay_2.jpg,backend/data/Combined/Clay_soil/Clay_2.jpg,Clay_soil
Clay_20.jpg,backend/data/Combined/Clay_soil/Clay_20.jpg,Clay_soil
Clay_21.jpg,backend/data/Combined/Clay_soil/Clay_21.jpg,Clay_soil
Clay_22.jpg,backend/data/Combined/Clay_soil/Clay_22.jpg,Clay_soil
Clay_23.jpg,backend/data/Combined/Clay_soil/Clay_23.jpg,Clay_soil
Clay_24.jpg,backend/data/Combined/Clay_soil/Clay_24.jpg,Clay_soil
Clay_25.jpg,backend/data/Combined/Clay_soil/Clay_25.jpg,Clay_soil
Clay_26.jpg,backend/data/Combined/Clay_soil/Clay_26.jpg,Clay_soil
Clay_27.jpg,backend/data/Combined/Clay_soil/Clay_27.jpg,Clay_soil
Clay_28.jpg,backend/data/Combined/Clay_soil/Clay_28.jpg,Clay_soil
Clay_29.jpg,backend/data/Combined/Clay_soil/Clay_29.jpg,Clay_soil
Clay_3.jpg,backend/data/Combined/Clay_soil/Clay_3.jpg,Clay_soil
Clay_30.jpg,backend/data/Combined/Clay_soil/Clay_30.jpg,Clay_soil
Clay_31.jpg,backend/data/Combined/Clay_soil/Clay_31.jpg,Clay_soil
Clay_32.jpg,backend/data/Combined/Clay_soil/Clay_32.jpg,Clay_soil
Clay_33.jpg,backend/data/Combined/Clay_soil/Clay_33.jpg,Clay_soil
Clay_34.jpg,backend/data/Combined/Clay_soil/Clay_34.jpg,Clay_soil
Clay_35.jpg,backend/data/Combined/Clay_soil/Clay_35.jpg,Clay_soil
Clay_36.jpg,backend/data/Combined/Clay_soil/Clay_36.jpg,Clay_soil
Clay_37.jpg,backend/data/Combined/Clay_soil/Clay_37.jpg,Clay_soil
Clay_38.jpg,backend/data/Combined/Clay_soil/Clay_38.jpg,Clay_soil
Clay_39.jpg,backend/data/Combined/Clay_soil/Clay_39.jpg,Clay_soil
Clay_4.jpg,backend/data/Combined/Clay_soil/Clay_4.jpg,Clay_soil
Clay_40.jpg,backend/data/Combined/Clay_soil/Clay_40.jpg,Clay_soil
Clay_41.jpg,backend/data/Combined/Clay_soil/Clay_41.jpg,Clay_soil
Clay_42.jpg,backend/data/Combined/Clay_soil/Clay_42.jpg,Clay_soil
Clay_43.jpg,backend/data/Combined/Clay_soil/Clay_43.jpg,Clay_soil
Clay_44.jpg,backend/data/Combined/Clay_soil/Clay_44.jpg,Clay_soil
Clay_45.jpg,backend/data/Combined/Clay_soil/Clay_45.jpg,Clay_soil
Clay_46.jpg,backend/data/Combined/Clay_soil/Clay_46.jpg,Clay_soil
Clay_47.jpg,backend/data/Combined/Clay_soil/Clay_47.jpg,Clay_soil
Clay_5.jpg,backend/data/Combined/Clay_soil/Clay_5.jpg,Clay_soil
Clay_6.jpg,backend/data/Combined/Clay_soil/Clay_6.jpg,Clay_soil
Clay_7.jpg,backend/data/Combined/Clay_soil/Clay_7.jpg,Clay_soil
Clay_8.jpg,backend/data/Combined/Clay_soil/Clay_8.jpg,Clay_soil
Clay_9.jpg,backend/data/Combined/Clay_soil/Clay_9.jpg,Clay_soil
Clay_Soil.jpg,backend/data/Combined/Clay_soil/Clay_Soil.jpg,Clay_soil
Copy of 1523893451317.jpeg,backend/data/Combined/Clay_soil/Copy of 1523893451317.jpeg,Clay_soil
Copy of 91714675-background-of-red-clay-the-real-desert-soil.png,backend/data/Combined/Clay_soil/Copy of 91714675-background-of-red-clay-the-real-desert-soil.png,Clay_soil
Copy of 94530057-red-clay-soil-on-nature-as-a-background-.png,backend/data/Combined/Clay_soil/Copy of 94530057-red-clay-soil-on-nature-as-a-background-.png,Clay_soil
Copy of AdobeStock_277261663.jpg,backend/data/Combined/Clay_soil/Copy of AdobeStock_277261663.jpg,Clay_soil
Copy of Bamboo_for_clay_soil_main.jpg,backend/data/Combined/Clay_soil/Copy of Bamboo_for_clay_soil_main.jpg,Clay_soil
Copy of BLOG_Clay_soil_1024_500_x500.png,backend/data/Combined/Clay_soil/Copy of BLOG_Clay_soil_1024_500_x500.png,Clay_soil
Copy of clay-260nw-614429543.png,backend/data/Combined/Clay_soil/Copy of clay-260nw-614429543.png,Clay_soil
Copy of Clay-Soil(2).jpg,backend/data/Combined/Clay_soil/Copy of Clay-Soil(2).jpg,Clay_soil
Copy of clay-soil-close-up-brown-179039817.jpg,backend/data/Combined/Clay_soil/Copy of clay-soil-close-up-brown-179039817.jpg,Clay_soil
Copy of clay-soil-cropped.jpg,backend/data/Combined/Clay_soil/Copy of clay-soil-cropped.jpg,Clay_soil
Copy of clay-soil-cut-red-color-clay-clay-soil-cut-red-color-clay-184254602.jpg,backend/data/Combined/Clay_soil/Copy of clay-soil-cut-red-color-clay-clay-soil-cut-red-color-clay-184254602.jpg,Clay_soil
Copy of clay-soil-field.jpg,backend/data/Combined/Clay_soil/Copy of clay-soil-field.jpg,Clay_soil
Copy of clay-soil.jpg,backend/data/Combined/Clay_soil/Copy of clay-soil.jpg,Clay_soil
Copy of clay-soil2.jpg,backend/data/Combined/Clay_soil/Copy of clay-soil2.jpg,Clay_soil
Copy of clay-soils-2.jpg,backend/data/Combined/Clay_soil/Copy of clay-soils-2.jpg,Clay_soil
Copy of clay.jpg,backend/data/Combined/Clay_soil/Copy of clay.jpg,Clay_soil
Copy of Clayey-Soil-img.jpg,backend/data/Combined/Clay_soil/Copy of Clayey-Soil-img.jpg,Clay_soil
Copy of Clay_Soil.jpg,backend/data/Combined/Clay_soil/Copy of Clay_Soil.jpg,Clay_soil
Copy of Copy of Shovel-In-Clay-1-of-1-600x409.jpg,backend/data/Combined/Clay_soil/Copy of Copy of Shovel-In-Clay-1-of-1-600x409.jpg,Clay_soil
Copy of cracked-clay-soil-12498989(1).jpg,backend/data/Combined/Clay_soil/Copy of cracked-clay-soil-12498989(1).jpg,Clay_soil
Copy of cracked-clay-soil-12498989.jpg,backend/data/Combined/Clay_soil/Copy of cracked-clay-soil-12498989.jpg,Clay_soil
Copy of depositphotos_5508133-stock-photo-dry-red-clay-soil-texture(1).jpg,backend/data/Combined/Clay_soil/Copy of depositphotos_5508133-stock-photo-dry-red-clay-soil-texture(1).jpg,Clay_soil
Copy of depositphotos_5508133-stock-photo-dry-red-clay-soil-texture.jpg,backend/data/Combined/Clay_soil/Copy of depositphotos_5508133-stock-photo-dry-red-clay-soil-texture.jpg,Clay_soil
Copy of drought-964339_1920(1).jpg,backend/data/Combined/Clay_soil/Copy of drought-964339_1920(1).jpg,Clay_soil
Copy of drought-964339_1920.jpg,backend/data/Combined/Clay_soil/Copy of drought-964339_1920.jpg,Clay_soil
Copy of dry-clay-soil-in-lanzarote-M4A2DW(1).jpg,backend/data/Combined/Clay_soil/Copy of dry-clay-soil-in-lanzarote-M4A2DW(1).jpg,Clay_soil
Copy of dry-clay-soil-in-lanzarote-M4A2DW.jpg,backend/data/Combined/Clay_soil/Copy of dry-clay-soil-in-lanzarote-M4A2DW.jpg,Clay_soil
Copy of e2913e6eff5701c471f4dddbe7f66c92(1).jpg,backend/data/Combined/Clay_soil/Copy of e2913e6eff5701c471f4dddbe7f66c92(1).jpg,Clay_soil
Copy of e2913e6eff5701c471f4dddbe7f66c92.jpg,backend/data/Combined/Clay_soil/Copy of e2913e6eff5701c471f4dddbe7f66c92.jpg,Clay_soil
Copy of Heres-How-To-Improve-Your-Clay-Soil-the-Easy-Way-FI(1).jpg,backend/data/Combined/Clay_soil/Copy of Heres-How-To-Improve-Your-Clay-Soil-the-Easy-Way-FI(1).jpg,Clay_soil
Copy of Heres-How-To-Improve-Your-Clay-Soil-the-Easy-Way-FI.jpg,backend/data/Combined/Clay_soil/Copy of Heres-How-To-Improve-Your-Clay-Soil-the-Easy-Way-FI.jpg,Clay_soil
Copy of image21(1).jpeg,backend/data/Combined/Clay_soil/Copy of image21(1).jpeg,Clay_soil
Copy of image21.jpeg,backend/data/Combined/Clay_soil/Copy of image21.jpeg,Clay_soil
Copy of image23 (2)(1).jpeg,backend/data/Combined/Clay_soil/Copy of image23 (2)(1).jpeg,Clay_soil
Copy of image23 (2).jpeg,backend/data/Combined/Clay_soil/Copy of image23 (2).jpeg,Clay_soil
Copy of image6(1).jpeg,backend/data/Combined/Clay_soil/Copy of image6(1).jpeg,Clay_soil
Copy of image6.jpeg,backend/data/Combined/Clay_soil/Copy of image6.jpeg,Clay_soil
Copy of images22(1).jpg,backend/data/Combined/Clay_soil/Copy of images22(1).jpg,Clay_soil
Copy of images22.jpg,backend/data/Combined/Clay_soil/Copy of images22.jpg,Clay_soil
Copy of images24(1).jpg,backend/data/Combined/Clay_soil/Copy of images24(1).jpg,Clay_soil
Copy of images24.jpg,backend/data/Combined/Clay_soil/Copy of images24.jpg,Clay_soil
Copy of images34(1).jpg,backend/data/Combined/Clay_soil/Copy of images34(1).jpg,Clay_soil
Copy of images34.jpg,backend/data/Combined/Clay_soil/Copy of images34.jpg,Clay_soil
Copy of images407(1).jpg,backend/data/Combined/Clay_soil/Copy of images407(1).jpg,Clay_soil
Copy of images407.jpg,backend/data/Combined/Clay_soil/Copy of images407.jpg,Clay_soil
Copy of images43(1).jpg,backend/data/Combined/Clay_soil/Copy of images43(1).jpg,Clay_soil
Copy of images43.jpg,backend/data/Combined/Clay_soil/Copy of images43.jpg,Clay_soil
Copy of images72(1).jpg,backend/data/Combined/Clay_soil/Copy of images72(1).jpg,Clay_soil
Copy of images72.jpg,backend/data/Combined/Clay_soil/Copy of images72.jpg,Clay_soil
Copy of images76(1).jpg,backend/data/Combined/Clay_soil/Copy of images76(1).jpg,Clay_soil
Copy of images76.jpg,backend/data/Combined/Clay_soil/Copy of images76.jpg,Clay_soil
Copy of plants-clay-soil-intro.jpg,backend/data/Combined/Clay_soil/Copy of plants-clay-soil-intro.jpg,Clay_soil
Copy of red-clay-soil-closeup-red-clay-soil-closeup-as-natural-background-98921605.jpg,backend/data/Combined/Clay_soil/Copy of red-clay-soil-closeup-red-clay-soil-closeup-as-natural-background-98921605.jpg,Clay_soil
Copy of red-clay-soil-closeup-red-clay-soil-closeup-as-natural-background-989216052.jpg,backend/data/Combined/Clay_soil/Copy of red-clay-soil-closeup-red-clay-soil-closeup-as-natural-background-989216052.jpg,Clay_soil
Copy of Sample1.0.jpg,backend/data/Combined/Clay_soil/Copy of Sample1.0.jpg,Clay_soil
Copy of Sample1.120.jpg,backend/data/Combined/Clay_soil/Copy of Sample1.120.jpg,Clay_soil
Copy of Sample1.150.jpg,backend/data/Combined/Clay_soil/Copy of Sample1.150.jpg,Clay_soil
Copy of Sample1.180.jpg,backend/data/Combined/Clay_soil/Copy of Sample1.180.jpg,Clay_soil
Copy of Sample1.30.jpg,backend/data/Combined/Clay_soil/Copy of Sample1.30.jpg,Clay_soil
Copy of Sample1.60.jpg,backend/data/Combined/Clay_soil/Copy of Sample1.60.jpg,Clay_soil
Copy of Sample1.90.jpg,backend/data/Combined/Clay_soil/Copy of Sample1.90.jpg,Clay_soil
Copy of Sample12.0.jpg,backend/data/Combined/Clay_soil/Copy of Sample12.0.jpg,Clay_soil
Copy of Sample12.120.jpg,backend/data/Combined/Clay_soil/Copy of Sample12.120.jpg,Clay_soil
Copy of Sample12.150.jpg,backend/data/Combined/Clay_soil/Copy of Sample12.150.jpg,Clay_soil
Copy of Sample12.180.jpg,backend/data/Combined/Clay_soil/Copy of Sample12.180.jpg,Clay_soil
Copy of Sample12.30.jpg,backend/data/Combined/Clay_soil/Copy of Sample12.30.jpg,Clay_soil
Copy of Sample12.60.jpg,backend/data/Combined/Clay_soil/Copy of Sample12.60.jpg,Clay_soil
Copy of Sample12.90.jpg,backend/data/Combined/Clay_soil/Copy of Sample12.90.jpg,Clay_soil
Copy of Sample2.0.jpg,backend/data/Combined/Clay_soil/Copy of Sample2.0.jpg,Clay_soil
Copy of Sample2.120.jpg,backend/data/Combined/Clay_soil/Copy of Sample2.120.jpg,Clay_soil
Copy of Sample2.150.jpg,backend/data/Combined/Clay_soil/Copy of Sample2.150.jpg,Clay_soil
Copy of Sample2.180.jpg,backend/data/Combined/Clay_soil/Copy of Sample2.180.jpg,Clay_soil
Copy of Sample2.30.jpg,backend/data/Combined/Clay_soil/Copy of Sample2.30.jpg,Clay_soil
Copy of Sample2.60.jpg,backend/data/Combined/Clay_soil/Copy of Sample2.60.jpg,Clay_soil
Copy of Sample2.90.jpg,backend/data/Combined/Clay_soil/Copy of Sample2.90.jpg,Clay_soil
Copy of Sample3.0.jpg,backend/data/Combined/Clay_soil/Copy of Sample3.0.jpg,Clay_soil
Copy of Sample3.120.jpg,backend/data/Combined/Clay_soil/Copy of Sample3.120.jpg,Clay_soil
Copy of Sample3.150.jpg,backend/data/Combined/Clay_soil/Copy of Sample3.150.jpg,Clay_soil
Copy of Sample3.180.jpg,backend/data/Combined/Clay_soil/Copy of Sample3.180.jpg,Clay_soil
Copy of Sample3.30.jpg,backend/data/Combined/Clay_soil/Copy of Sample3.30.jpg,Clay_soil
Copy of Sample3.60.jpg,backend/data/Combined/Clay_soil/Copy of Sample3.60.jpg,Clay_soil
Copy of Sample3.90.jpg,backend/data/Combined/Clay_soil/Copy of Sample3.90.jpg,Clay_soil
Copy of Shovel-In-Clay-1-of-1-600x409.jpg,backend/data/Combined/Clay_soil/Copy of Shovel-In-Clay-1-of-1-600x409.jpg,Clay_soil
cracked-clay-soil-12498989.jpg,backend/data/Combined/Clay_soil/cracked-clay-soil-12498989.jpg,Clay_soil
depositphotos_5508133-stock-photo-dry-red-clay-soil-texture.jpg,backend/data/Combined/Clay_soil/depositphotos_5508133-stock-photo-dry-red-clay-soil-texture.jpg,Clay_soil
drought-964339_1920.jpg,backend/data/Combined/Clay_soil/drought-964339_1920.jpg,Clay_soil
dry-clay-soil-in-lanzarote-M4A2DW.jpg,backend/data/Combined/Clay_soil/dry-clay-soil-in-lanzarote-M4A2DW.jpg,Clay_soil
e2913e6eff5701c471f4dddbe7f66c92.jpg,backend/data/Combined/Clay_soil/e2913e6eff5701c471f4dddbe7f66c92.jpg,Clay_soil
Heres-How-To-Improve-Your-Clay-Soil-the-Easy-Way-FI.jpg,backend/data/Combined/Clay_soil/Heres-How-To-Improve-Your-Clay-Soil-the-Easy-Way-FI.jpg,Clay_soil
image21.jpeg,backend/data/Combined/Clay_soil/image21.jpeg,Clay_soil
image23 (2).jpeg,backend/data/Combined/Clay_soil/image23 (2).jpeg,Clay_soil
image6.jpeg,backend/data/Combined/Clay_soil/image6.jpeg,Clay_soil
images22.jpg,backend/data/Combined/Clay_soil/images22.jpg,Clay_soil
images24.jpg,backend/data/Combined/Clay_soil/images24.jpg,Clay_soil
images34.jpg,backend/data/Combined/Clay_soil/images34.jpg,Clay_soil
images407.jpg,backend/data/Combined/Clay_soil/images407.jpg,Clay_soil
images43.jpg,backend/data/Combined/Clay_soil/images43.jpg,Clay_soil
images72.jpg,backend/data/Combined/Clay_soil/images72.jpg,Clay_soil
images76.jpg,backend/data/Combined/Clay_soil/images76.jpg,Clay_soil
man-working-shovel-clay-260nw-639044377.png,backend/data/Combined/Clay_soil/man-working-shovel-clay-260nw-639044377.png,Clay_soil
plants-clay-soil-intro.jpg,backend/data/Combined/Clay_soil/plants-clay-soil-intro.jpg,Clay_soil
red-clay-soil-closeup-red-clay-soil-closeup-as-natural-background-98921605.jpg,backend/data/Combined/Clay_soil/red-clay-soil-closeup-red-clay-soil-closeup-as-natural-background-98921605.jpg,Clay_soil
red-clay-soil-closeup-red-clay-soil-closeup-as-natural-background-989216052.jpg,backend/data/Combined/Clay_soil/red-clay-soil-closeup-red-clay-soil-closeup-as-natural-background-989216052.jpg,Clay_soil
Sample1.0.jpg,backend/data/Combined/Clay_soil/Sample1.0.jpg,Clay_soil
Sample1.120.jpg,backend/data/Combined/Clay_soil/Sample1.120.jpg,Clay_soil
Sample1.150.jpg,backend/data/Combined/Clay_soil/Sample1.150.jpg,Clay_soil
Sample1.180.jpg,backend/data/Combined/Clay_soil/Sample1.180.jpg,Clay_soil
Sample1.30.jpg,backend/data/Combined/Clay_soil/Sample1.30.jpg,Clay_soil
Sample1.60.jpg,backend/data/Combined/Clay_soil/Sample1.60.jpg,Clay_soil
Sample1.90.jpg,backend/data/Combined/Clay_soil/Sample1.90.jpg,Clay_soil
Sample12.0.jpg,backend/data/Combined/Clay_soil/Sample12.0.jpg,Clay_soil
Sample12.120.jpg,backend/data/Combined/Clay_soil/Sample12.120.jpg,Clay_soil
Sample12.150.jpg,backend/data/Combined/Clay_soil/Sample12.150.jpg,Clay_soil
Sample12.180.jpg,backend/data/Combined/Clay_soil/Sample12.180.jpg,Clay_soil
Sample12.30.jpg,backend/data/Combined/Clay_soil/Sample12.30.jpg,Clay_soil
Sample12.60.jpg,backend/data/Combined/Clay_soil/Sample12.60.jpg,Clay_soil
Sample12.90.jpg,backend/data/Combined/Clay_soil/Sample12.90.jpg,Clay_soil
Sample2.0.jpg,backend/data/Combined/Clay_soil/Sample2.0.jpg,Clay_soil
Sample2.120.jpg,backend/data/Combined/Clay_soil/Sample2.120.jpg,Clay_soil
Sample2.150.jpg,backend/data/Combined/Clay_soil/Sample2.150.jpg,Clay_soil
Sample2.180.jpg,backend/data/Combined/Clay_soil/Sample2.180.jpg,Clay_soil
Sample2.30.jpg,backend/data/Combined/Clay_soil/Sample2.30.jpg,Clay_soil
Sample2.60.jpg,backend/data/Combined/Clay_soil/Sample2.60.jpg,Clay_soil
Sample2.90.jpg,backend/data/Combined/Clay_soil/Sample2.90.jpg,Clay_soil
Sample3.0.jpg,backend/data/Combined/Clay_soil/Sample3.0.jpg,Clay_soil
Sample3.120.jpg,backend/data/Combined/Clay_soil/Sample3.120.jpg,Clay_soil
Sample3.150.jpg,backend/data/Combined/Clay_soil/Sample3.150.jpg,Clay_soil
Sample3.180.jpg,backend/data/Combined/Clay_soil/Sample3.180.jpg,Clay_soil
Sample3.30.jpg,backend/data/Combined/Clay_soil/Sample3.30.jpg,Clay_soil
Sample3.60.jpg,backend/data/Combined/Clay_soil/Sample3.60.jpg,Clay_soil
Sample3.90.jpg,backend/data/Combined/Clay_soil/Sample3.90.jpg,Clay_soil
Shovel-In-Clay-1-of-1-600x409.jpg,backend/data/Combined/Clay_soil/Shovel-In-Clay-1-of-1-600x409.jpg,Clay_soil
1.jpg,backend/data/Combined/Red_soil/1.jpg,Red_soil
1000_F_233167094_JhQz9xvHtlN5UyT3zt748JiJolOSid7s.jpg,backend/data/Combined/Red_soil/1000_F_233167094_JhQz9xvHtlN5UyT3zt748JiJolOSid7s.jpg,Red_soil
11.jpg,backend/data/Combined/Red_soil/11.jpg,Red_soil
12.jpg,backend/data/Combined/Red_soil/12.jpg,Red_soil
13.jpg,backend/data/Combined/Red_soil/13.jpg,Red_soil
13a.jpg,backend/data/Combined/Red_soil/13a.jpg,Red_soil
14.jpg,backend/data/Combined/Red_soil/14.jpg,Red_soil
15.jpg,backend/data/Combined/Red_soil/15.jpg,Red_soil
15kg-red-soil-500x500.png,backend/data/Combined/Red_soil/15kg-red-soil-500x500.png,Red_soil
16.jpg,backend/data/Combined/Red_soil/16.jpg,Red_soil
17.jpg,backend/data/Combined/Red_soil/17.jpg,Red_soil
18.jpg,backend/data/Combined/Red_soil/18.jpg,Red_soil
18a.jpg,backend/data/Combined/Red_soil/18a.jpg,Red_soil
18b.jpg,backend/data/Combined/Red_soil/18b.jpg,Red_soil
18c.jpg,backend/data/Combined/Red_soil/18c.jpg,Red_soil
19.jpg,backend/data/Combined/Red_soil/19.jpg,Red_soil
1a.jpg,backend/data/Combined/Red_soil/1a.jpg,Red_soil
2.jpg,backend/data/Combined/Red_soil/2.jpg,Red_soil
20.jpg,backend/data/Combined/Red_soil/20.jpg,Red_soil
20a.jpg,backend/data/Combined/Red_soil/20a.jpg,Red_soil
20b.jpg,backend/data/Combined/Red_soil/20b.jpg,Red_soil
20c.jpg,backend/data/Combined/Red_soil/20c.jpg,Red_soil
21.jpg,backend/data/Combined/Red_soil/21.jpg,Red_soil
22.jpg,backend/data/Combined/Red_soil/22.jpg,Red_soil
23.jpg,backend/data/Combined/Red_soil/23.jpg,Red_soil
24.jpg,backend/data/Combined/Red_soil/24.jpg,Red_soil
25.jpg,backend/data/Combined/Red_soil/25.jpg,Red_soil
250px-Ultisol.jpg,backend/data/Combined/Red_soil/250px-Ultisol.jpg,Red_soil
2560px-A_red_soil_crop_field.JPG,backend/data/Combined/Red_soil/2560px-A_red_soil_crop_field.JPG,Red_soil
26.jpg,backend/data/Combined/Red_soil/26.jpg,Red_soil
27.jpg,backend/data/Combined/Red_soil/27.jpg,Red_soil
28.jpg,backend/data/Combined/Red_soil/28.jpg,Red_soil
28a.jpg,backend/data/Combined/Red_soil/28a.jpg,Red_soil
29.jpg,backend/data/Combined/Red_soil/29.jpg,Red_soil
2a.jpg,backend/data/Combined/Red_soil/2a.jpg,Red_soil
3.jpg,backend/data/Combined/Red_soil/3.jpg,Red_soil
30.jpg,backend/data/Combined/Red_soil/30.jpg,Red_soil
31.jpg,backend/data/Combined/Red_soil/31.jpg,Red_soil
31a.jpg,backend/data/Combined/Red_soil/31a.jpg,Red_soil
32.jpg,backend/data/Combined/Red_soil/32.jpg,Red_soil
32a.jpg,backend/data/Combined/Red_soil/32a.jpg,Red_soil
33.jpg,backend/data/Combined/Red_soil/33.jpg,Red_soil
34.jpg,backend/data/Combined/Red_soil/34.jpg,Red_soil
35.jpg,backend/data/Combined/Red_soil/35.jpg,Red_soil
36.jpg,backend/data/Combined/Red_soil/36.jpg,Red_soil
37.jpg,backend/data/Combined/Red_soil/37.jpg,Red_soil
38.jpg,backend/data/Combined/Red_soil/38.jpg,Red_soil
39.jpg,backend/data/Combined/Red_soil/39.jpg,Red_soil
4.jpg,backend/data/Combined/Red_soil/4.jpg,Red_soil
41.jpg,backend/data/Combined/Red_soil/41.jpg,Red_soil
41a.jpg,backend/data/Combined/Red_soil/41a.jpg,Red_soil
41c.jpeg,backend/data/Combined/Red_soil/41c.jpeg,Red_soil
42.jpg,backend/data/Combined/Red_soil/42.jpg,Red_soil
43.jpg,backend/data/Combined/Red_soil/43.jpg,Red_soil
44.jpg,backend/data/Combined/Red_soil/44.jpg,Red_soil
45.jpg,backend/data/Combined/Red_soil/45.jpg,Red_soil
45a.jpg,backend/data/Combined/Red_soil/45a.jpg,Red_soil
47.jpg,backend/data/Combined/Red_soil/47.jpg,Red_soil
48.jpg,backend/data/Combined/Red_soil/48.jpg,Red_soil
49.jpg,backend/data/Combined/Red_soil/49.jpg,Red_soil
4a.jpg,backend/data/Combined/Red_soil/4a.jpg,Red_soil
5-red-soil-topspot-original-imaftmfanswghcfr.jpeg,backend/data/Combined/Red_soil/5-red-soil-topspot-original-imaftmfanswghcfr.jpeg,Red_soil
5.jpg,backend/data/Combined/Red_soil/5.jpg,Red_soil
50.jpg,backend/data/Combined/Red_soil/50.jpg,Red_soil
51.jpg,backend/data/Combined/Red_soil/51.jpg,Red_soil
51em0GmiApL._SX466_.jpg,backend/data/Combined/Red_soil/51em0GmiApL._SX466_.jpg,Red_soil
52.jpg,backend/data/Combined/Red_soil/52.jpg,Red_soil
53.jpg,backend/data/Combined/Red_soil/53.jpg,Red_soil
54.jpg,backend/data/Combined/Red_soil/54.jpg,Red_soil
54a.jpg,backend/data/Combined/Red_soil/54a.jpg,Red_soil
54b.jpg,backend/data/Combined/Red_soil/54b.jpg,Red_soil
55.jpg,backend/data/Combined/Red_soil/55.jpg,Red_soil
56.jpg,backend/data/Combined/Red_soil/56.jpg,Red_soil
56a.jpg,backend/data/Combined/Red_soil/56a.jpg,Red_soil
57.jpg,backend/data/Combined/Red_soil/57.jpg,Red_soil
58.jpg,backend/data/Combined/Red_soil/58.jpg,Red_soil
59.jpg,backend/data/Combined/Red_soil/59.jpg,Red_soil
59a.jpg,backend/data/Combined/Red_soil/59a.jpg,Red_soil
6.jpg,backend/data/Combined/Red_soil/6.jpg,Red_soil
60.jpg,backend/data/Combined/Red_soil/60.jpg,Red_soil
61.jpg,backend/data/Combined/Red_soil/61.jpg,Red_soil
61050549-red-soil-texture-background.png,backend/data/Combined/Red_soil/61050549-red-soil-texture-background.png,Red_soil
61a.jpg,backend/data/Combined/Red_soil/61a.jpg,Red_soil
61AysVsqgL.jpg,backend/data/Combined/Red_soil/61AysVsqgL.jpg,Red_soil
62.jpg,backend/data/Combined/Red_soil/62.jpg,Red_soil
62a.jpg,backend/data/Combined/Red_soil/62a.jpg,Red_soil
63.jpg,backend/data/Combined/Red_soil/63.jpg,Red_soil
64.jpg,backend/data/Combined/Red_soil/64.jpg,Red_soil
65.jpg,backend/data/Combined/Red_soil/65.jpg,Red_soil
65a.jpg,backend/data/Combined/Red_soil/65a.jpg,Red_soil
66.jpg,backend/data/Combined/Red_soil/66.jpg,Red_soil
66a.jpg,backend/data/Combined/Red_soil/66a.jpg,Red_soil
67.jpg,backend/data/Combined/Red_soil/67.jpg,Red_soil
68.jpg,backend/data/Combined/Red_soil/68.jpg,Red_soil
69.jpg,backend/data/Combined/Red_soil/69.jpg,Red_soil
7.jpg,backend/data/Combined/Red_soil/7.jpg,Red_soil
70.jpg,backend/data/Combined/Red_soil/70.jpg,Red_soil
71.jpg,backend/data/Combined/Red_soil/71.jpg,Red_soil
72.jpg,backend/data/Combined/Red_soil/72.jpg,Red_soil
73.jpg,backend/data/Combined/Red_soil/73.jpg,Red_soil
74.jpg,backend/data/Combined/Red_soil/74.jpg,Red_soil
75.jpg,backend/data/Combined/Red_soil/75.jpg,Red_soil
76.jpg,backend/data/Combined/Red_soil/76.jpg,Red_soil
77.jpg,backend/data/Combined/Red_soil/77.jpg,Red_soil
78.jpg,backend/data/Combined/Red_soil/78.jpg,Red_soil
79.jpg,backend/data/Combined/Red_soil/79.jpg,Red_soil
8.jpg,backend/data/Combined/Red_soil/8.jpg,Red_soil
80.jpg,backend/data/Combined/Red_soil/80.jpg,Red_soil
80a.jpg,backend/data/Combined/Red_soil/80a.jpg,Red_soil
80b.jpg,backend/data/Combined/Red_soil/80b.jpg,Red_soil
81.jpg,backend/data/Combined/Red_soil/81.jpg,Red_soil
82.jpg,backend/data/Combined/Red_soil/82.jpg,Red_soil
83.jpg,backend/data/Combined/Red_soil/83.jpg,Red_soil
835254_2.jpg,backend/data/Combined/Red_soil/835254_2.jpg,Red_soil
84.jpg,backend/data/Combined/Red_soil/84.jpg,Red_soil
85.jpg,backend/data/Combined/Red_soil/85.jpg,Red_soil
86.jpg,backend/data/Combined/Red_soil/86.jpg,Red_soil
9.jpg,backend/data/Combined/Red_soil/9.jpg,Red_soil
94530057-red-clay-soil-on-nature-as-a-background-.png,backend/data/Combined/Red_soil/94530057-red-clay-soil-on-nature-as-a-background-.png,Red_soil
95424d278d0b71fa4b398f406303a4a9.jpg,backend/data/Combined/Red_soil/95424d278d0b71fa4b398f406303a4a9.jpg,Red_soil
annamalai-red-soil-suppliers-kotturpuram-chennai-red-soil-dealers-ey0ylh5r3e.jpg,backend/data/Combined/Red_soil/annamalai-red-soil-suppliers-kotturpuram-chennai-red-soil-dealers-ey0ylh5r3e.jpg,Red_soil
brown-soil.jpg,backend/data/Combined/Red_soil/brown-soil.jpg,Red_soil
Copy of 1000_F_233167094_JhQz9xvHtlN5UyT3zt748JiJolOSid7s.jpg,backend/data/Combined/Red_soil/Copy of 1000_F_233167094_JhQz9xvHtlN5UyT3zt748JiJolOSid7s.jpg,Red_soil
Copy of 15kg-red-soil-500x500.png,backend/data/Combined/Red_soil/Copy of 15kg-red-soil-500x500.png,Red_soil
Copy of 250px-Ultisol.jpg,backend/data/Combined/Red_soil/Copy of 250px-Ultisol.jpg,Red_soil
Copy of 2560px-A_red_soil_crop_field.png,backend/data/Combined/Red_soil/Copy of 2560px-A_red_soil_crop_field.png,Red_soil
Copy of 3.jpg,backend/data/Combined/Red_soil/Copy of 3.jpg,Red_soil
Copy of 5-red-soil-topspot-original-imaftmfanswghcfr.jpeg,backend/data/Combined/Red_soil/Copy of 5-red-soil-topspot-original-imaftmfanswghcfr.jpeg,Red_soil
Copy of 5.jpg,backend/data/Combined/Red_soil/Copy of 5.jpg,Red_soil
Copy of 51em0GmiApL._SX466_.jpg,backend/data/Combined/Red_soil/Copy of 51em0GmiApL._SX466_.jpg,Red_soil
Copy of 61050549-red-soil-texture-background.png,backend/data/Combined/Red_soil/Copy of 61050549-red-soil-texture-background.png,Red_soil
Copy of 61AysVsqgL.jpg,backend/data/Combined/Red_soil/Copy of 61AysVsqgL.jpg,Red_soil
Copy of 835254_2.png,backend/data/Combined/Red_soil/Copy of 835254_2.png,Red_soil
Copy of 95424d278d0b71fa4b398f406303a4a9.jpg,backend/data/Combined/Red_soil/Copy of 95424d278d0b71fa4b398f406303a4a9.jpg,Red_soil
Copy of annamalai-red-soil-suppliers-kotturpuram-chennai-red-soil-dealers-ey0ylh5r3e.jpg,backend/data/Combined/Red_soil/Copy of annamalai-red-soil-suppliers-kotturpuram-chennai-red-soil-dealers-ey0ylh5r3e.jpg,Red_soil
Copy of brown-soil.jpg,backend/data/Combined/Red_soil/Copy of brown-soil.jpg,Red_soil
Copy of download (1).jpg,backend/data/Combined/Red_soil/Copy of download (1).jpg,Red_soil
Copy of download (2).png,backend/data/Combined/Red_soil/Copy of download (2).png,Red_soil
Copy of download.jpg,backend/data/Combined/Red_soil/Copy of download.jpg,Red_soil
Copy of image-red-soil-texture-260nw-243951718.png,backend/data/Combined/Red_soil/Copy of image-red-soil-texture-260nw-243951718.png,Red_soil
Copy of image.jpeg,backend/data/Combined/Red_soil/Copy of image.jpeg,Red_soil
Copy of image12.jpeg,backend/data/Combined/Red_soil/Copy of image12.jpeg,Red_soil
Copy of image14.jpeg,backend/data/Combined/Red_soil/Copy of image14.jpeg,Red_soil
Copy of image15.jpeg,backend/data/Combined/Red_soil/Copy of image15.jpeg,Red_soil
Copy of image16.jpeg,backend/data/Combined/Red_soil/Copy of image16.jpeg,Red_soil
Copy of image17.jpeg,backend/data/Combined/Red_soil/Copy of image17.jpeg,Red_soil
Copy of image19.jpeg,backend/data/Combined/Red_soil/Copy of image19.jpeg,Red_soil
Copy of image2.jpeg,backend/data/Combined/Red_soil/Copy of image2.jpeg,Red_soil
Copy of image20.jpeg,backend/data/Combined/Red_soil/Copy of image20.jpeg,Red_soil
Copy of image23.jpeg,backend/data/Combined/Red_soil/Copy of image23.jpeg,Red_soil
Copy of image24.jpeg,backend/data/Combined/Red_soil/Copy of image24.jpeg,Red_soil
Copy of image25.jpeg,backend/data/Combined/Red_soil/Copy of image25.jpeg,Red_soil
Copy of image26.jpeg,backend/data/Combined/Red_soil/Copy of image26.jpeg,Red_soil
Copy of image3.jpeg,backend/data/Combined/Red_soil/Copy of image3.jpeg,Red_soil
Copy of image30.png,backend/data/Combined/Red_soil/Copy of image30.png,Red_soil
Copy of image31.jpeg,backend/data/Combined/Red_soil/Copy of image31.jpeg,Red_soil
Copy of image31.png,backend/data/Combined/Red_soil/Copy of image31.png,Red_soil
Copy of image5.jpeg,backend/data/Combined/Red_soil/Copy of image5.jpeg,Red_soil
Copy of image8.jpeg,backend/data/Combined/Red_soil/Copy of image8.jpeg,Red_soil
Copy of image8.png,backend/data/Combined/Red_soil/Copy of image8.png,Red_soil
Copy of images (1).jpg,backend/data/Combined/Red_soil/Copy of images (1).jpg,Red_soil
Copy of images.jpg,backend/data/Combined/Red_soil/Copy of images.jpg,Red_soil
Copy of images10.jpg,backend/data/Combined/Red_soil/Copy of images10.jpg,Red_soil
Copy of images102.jpg,backend/data/Combined/Red_soil/Copy of images102.jpg,Red_soil
Copy of images104.jpg,backend/data/Combined/Red_soil/Copy of images104.jpg,Red_soil
Copy of images105.jpg,backend/data/Combined/Red_soil/Copy of images105.jpg,Red_soil
Copy of images113.jpg,backend/data/Combined/Red_soil/Copy of images113.jpg,Red_soil
Copy of images117.jpg,backend/data/Combined/Red_soil/Copy of images117.jpg,Red_soil
Copy of images119.jpg,backend/data/Combined/Red_soil/Copy of images119.jpg,Red_soil
Copy of images12.jpg,backend/data/Combined/Red_soil/Copy of images12.jpg,Red_soil
Copy of images120.jpg,backend/data/Combined/Red_soil/Copy of images120.jpg,Red_soil
Copy of images121.jpg,backend/data/Combined/Red_soil/Copy of images121.jpg,Red_soil
Copy of images122.jpg,backend/data/Combined/Red_soil/Copy of images122.jpg,Red_soil
Copy of images125.png,backend/data/Combined/Red_soil/Copy of images125.png,Red_soil
Copy of images127.jpg,backend/data/Combined/Red_soil/Copy of images127.jpg,Red_soil
Copy of images13.jpg,backend/data/Combined/Red_soil/Copy of images13.jpg,Red_soil
Copy of images131.jpg,backend/data/Combined/Red_soil/Copy of images131.jpg,Red_soil
Copy of images134.jpg,backend/data/Combined/Red_soil/Copy of images134.jpg,Red_soil
Copy of images135.jpg,backend/data/Combined/Red_soil/Copy of images135.jpg,Red_soil
Copy of images137.jpg,backend/data/Combined/Red_soil/Copy of images137.jpg,Red_soil
Copy of images138.jpg,backend/data/Combined/Red_soil/Copy of images138.jpg,Red_soil
Copy of images139.jpg,backend/data/Combined/Red_soil/Copy of images139.jpg,Red_soil
Copy of images141.jpg,backend/data/Combined/Red_soil/Copy of images141.jpg,Red_soil
Copy of images143.jpg,backend/data/Combined/Red_soil/Copy of images143.jpg,Red_soil
Copy of images152.jpg,backend/data/Combined/Red_soil/Copy of images152.jpg,Red_soil
Copy of images156.jpg,backend/data/Combined/Red_soil/Copy of images156.jpg,Red_soil
Copy of images16.jpg,backend/data/Combined/Red_soil/Copy of images16.jpg,Red_soil
Copy of images160.jpg,backend/data/Combined/Red_soil/Copy of images160.jpg,Red_soil
Copy of images162.jpg,backend/data/Combined/Red_soil/Copy of images162.jpg,Red_soil
Copy of images165.jpg,backend/data/Combined/Red_soil/Copy of images165.jpg,Red_soil
Copy of images168.jpg,backend/data/Combined/Red_soil/Copy of images168.jpg,Red_soil
Copy of images169.jpg,backend/data/Combined/Red_soil/Copy of images169.jpg,Red_soil
Copy of images171.jpg,backend/data/Combined/Red_soil/Copy of images171.jpg,Red_soil
Copy of images176.jpg,backend/data/Combined/Red_soil/Copy of images176.jpg,Red_soil
Copy of images177.jpg,backend/data/Combined/Red_soil/Copy of images177.jpg,Red_soil
Copy of images183.jpg,backend/data/Combined/Red_soil/Copy of images183.jpg,Red_soil
Copy of images188.jpg,backend/data/Combined/Red_soil/Copy of images188.jpg,Red_soil
Copy of images189.jpg,backend/data/Combined/Red_soil/Copy of images189.jpg,Red_soil
Copy of images19.jpg,backend/data/Combined/Red_soil/Copy of images19.jpg,Red_soil
Copy of images191.jpg,backend/data/Combined/Red_soil/Copy of images191.jpg,Red_soil
Copy of images192.jpg,backend/data/Combined/Red_soil/Copy of images192.jpg,Red_soil
Copy of images195.jpg,backend/data/Combined/Red_soil/Copy of images195.jpg,Red_soil
Copy of images20.jpg,backend/data/Combined/Red_soil/Copy of images20.jpg,Red_soil
Copy of images202.jpg,backend/data/Combined/Red_soil/Copy of images202.jpg,Red_soil
Copy of images36.jpg,backend/data/Combined/Red_soil/Copy of images36.jpg,Red_soil
Copy of images37.jpg,backend/data/Combined/Red_soil/Copy of images37.jpg,Red_soil
Copy of images43.jpg,backend/data/Combined/Red_soil/Copy of images43.jpg,Red_soil
Copy of images45.jpg,backend/data/Combined/Red_soil/Copy of images45.jpg,Red_soil
Copy of images46.jpg,backend/data/Combined/Red_soil/Copy of images46.jpg,Red_soil
Copy of images59.jpg,backend/data/Combined/Red_soil/Copy of images59.jpg,Red_soil
Copy of images6.jpg,backend/data/Combined/Red_soil/Copy of images6.jpg,Red_soil
Copy of images66.jpg,backend/data/Combined/Red_soil/Copy of images66.jpg,Red_soil
Copy of images68.jpg,backend/data/Combined/Red_soil/Copy of images68.jpg,Red_soil
Copy of images70.png,backend/data/Combined/Red_soil/Copy of images70.png,Red_soil
Copy of images71.jpg,backend/data/Combined/Red_soil/Copy of images71.jpg,Red_soil
Copy of images77.jpg,backend/data/Combined/Red_soil/Copy of images77.jpg,Red_soil
Copy of images78.jpg,backend/data/Combined/Red_soil/Copy of images78.jpg,Red_soil
Copy of images8.jpg,backend/data/Combined/Red_soil/Copy of images8.jpg,Red_soil
Copy of images9.jpg,backend/data/Combined/Red_soil/Copy of images9.jpg,Red_soil
Copy of images95.jpg,backend/data/Combined/Red_soil/Copy of images95.jpg,Red_soil
Copy of images96.jpg,backend/data/Combined/Red_soil/Copy of images96.jpg,Red_soil
Copy of Nc-red-clay-soil-2.jpg,backend/data/Combined/Red_soil/Copy of Nc-red-clay-soil-2.jpg,Red_soil
Copy of red-ground-texture-260nw-1079913677.png,backend/data/Combined/Red_soil/Copy of red-ground-texture-260nw-1079913677.png,Red_soil
Copy of red-soil-1.png,backend/data/Combined/Red_soil/Copy of red-soil-1.png,Red_soil
Copy of red-soil-500x5002.jpg,backend/data/Combined/Red_soil/Copy of red-soil-500x5002.jpg,Red_soil
Copy of red-soil-500x5003.png,backend/data/Combined/Red_soil/Copy of red-soil-500x5003.png,Red_soil
Copy of red-soil-background-6402446.jpg,backend/data/Combined/Red_soil/Copy of red-soil-background-6402446.jpg,Red_soil
Copy of Red-soil-essay.jpg,backend/data/Combined/Red_soil/Copy of Red-soil-essay.jpg,Red_soil
Copy of red20clay-700x700.jpg,backend/data/Combined/Red_soil/Copy of red20clay-700x700.jpg,Red_soil
Copy of red3.jpg,backend/data/Combined/Red_soil/Copy of red3.jpg,Red_soil
Copy of Sample6.0.jpg,backend/data/Combined/Red_soil/Copy of Sample6.0.jpg,Red_soil
Copy of Sample6.120.jpg,backend/data/Combined/Red_soil/Copy of Sample6.120.jpg,Red_soil
Copy of Sample6.150.jpg,backend/data/Combined/Red_soil/Copy of Sample6.150.jpg,Red_soil
Copy of Sample6.180.jpg,backend/data/Combined/Red_soil/Copy of Sample6.180.jpg,Red_soil
Copy of Sample6.30.jpg,backend/data/Combined/Red_soil/Copy of Sample6.30.jpg,Red_soil
Copy of Sample6.60.jpg,backend/data/Combined/Red_soil/Copy of Sample6.60.jpg,Red_soil
Copy of Sample6.90.jpg,backend/data/Combined/Red_soil/Copy of Sample6.90.jpg,Red_soil
Copy of Sample8.0.jpg,backend/data/Combined/Red_soil/Copy of Sample8.0.jpg,Red_soil
Copy of Sample8.120.jpg,backend/data/Combined/Red_soil/Copy of Sample8.120.jpg,Red_soil
Copy of Sample8.150.jpg,backend/data/Combined/Red_soil/Copy of Sample8.150.jpg,Red_soil
Copy of Sample8.180.jpg,backend/data/Combined/Red_soil/Copy of Sample8.180.jpg,Red_soil
Copy of Sample8.30.jpg,backend/data/Combined/Red_soil/Copy of Sample8.30.jpg,Red_soil
Copy of Sample8.60.jpg,backend/data/Combined/Red_soil/Copy of Sample8.60.jpg,Red_soil
Copy of Sample8.90.jpg,backend/data/Combined/Red_soil/Copy of Sample8.90.jpg,Red_soil
Copy of utkl.jpg,backend/data/Combined/Red_soil/Copy of utkl.jpg,Red_soil
image-red-soil-texture-260nw-243951718.png,backend/data/Combined/Red_soil/image-red-soil-texture-260nw-243951718.png,Red_soil
image.jpeg,backend/data/Combined/Red_soil/image.jpeg,Red_soil
image12.jpeg,backend/data/Combined/Red_soil/image12.jpeg,Red_soil
image14.jpeg,backend/data/Combined/Red_soil/image14.jpeg,Red_soil
image15.jpeg,backend/data/Combined/Red_soil/image15.jpeg,Red_soil
image16.jpeg,backend/data/Combined/Red_soil/image16.jpeg,Red_soil
image17.jpeg,backend/data/Combined/Red_soil/image17.jpeg,Red_soil
image19.jpeg,backend/data/Combined/Red_soil/image19.jpeg,Red_soil
image2.jpeg,backend/data/Combined/Red_soil/image2.jpeg,Red_soil
image20.jpeg,backend/data/Combined/Red_soil/image20.jpeg,Red_soil
image23.jpeg,backend/data/Combined/Red_soil/image23.jpeg,Red_soil
image24.jpeg,backend/data/Combined/Red_soil/image24.jpeg,Red_soil
image25.jpeg,backend/data/Combined/Red_soil/image25.jpeg,Red_soil
image26.jpeg,backend/data/Combined/Red_soil/image26.jpeg,Red_soil
image3.jpeg,backend/data/Combined/Red_soil/image3.jpeg,Red_soil
image30.jpeg,backend/data/Combined/Red_soil/image30.jpeg,Red_soil
image31.jpeg,backend/data/Combined/Red_soil/image31.jpeg,Red_soil
image5.jpeg,backend/data/Combined/Red_soil/image5.jpeg,Red_soil
image8.jpeg,backend/data/Combined/Red_soil/image8.jpeg,Red_soil
images10.jpg,backend/data/Combined/Red_soil/images10.jpg,Red_soil
images12.jpg,backend/data/Combined/Red_soil/images12.jpg,Red_soil
images121.jpg,backend/data/Combined/Red_soil/images121.jpg,Red_soil
images127.jpg,backend/data/Combined/Red_soil/images127.jpg,Red_soil
images13.jpg,backend/data/Combined/Red_soil/images13.jpg,Red_soil
images134.jpg,backend/data/Combined/Red_soil/images134.jpg,Red_soil
images137.jpg,backend/data/Combined/Red_soil/images137.jpg,Red_soil
images138.jpg,backend/data/Combined/Red_soil/images138.jpg,Red_soil
images139.jpg,backend/data/Combined/Red_soil/images139.jpg,Red_soil
images143.jpg,backend/data/Combined/Red_soil/images143.jpg,Red_soil
images152.jpg,backend/data/Combined/Red_soil/images152.jpg,Red_soil
images156.jpg,backend/data/Combined/Red_soil/images156.jpg,Red_soil
images16.jpg,backend/data/Combined/Red_soil/images16.jpg,Red_soil
images160.jpg,backend/data/Combined/Red_soil/images160.jpg,Red_soil
images162.jpg,backend/data/Combined/Red_soil/images162.jpg,Red_soil
images165.jpg,backend/data/Combined/Red_soil/images165.jpg,Red_soil
images168.jpg,backend/data/Combined/Red_soil/images168.jpg,Red_soil
images169.jpg,backend/data/Combined/Red_soil/images169.jpg,Red_soil
images171.jpg,backend/data/Combined/Red_soil/images171.jpg,Red_soil
images176.jpg,backend/data/Combined/Red_soil/images176.jpg,Red_soil
images177.jpg,backend/data/Combined/Red_soil/images177.jpg,Red_soil
images183.jpg,backend/data/Combined/Red_soil/images183.jpg,Red_soil
images188.jpg,backend/data/Combined/Red_soil/images188.jpg,Red_soil
images189.jpg,backend/data/Combined/Red_soil/images189.jpg,Red_soil
images19.jpg,backend/data/Combined/Red_soil/images19.jpg,Red_soil
images191.jpg,backend/data/Combined/Red_soil/images191.jpg,Red_soil
images192.jpg,backend/data/Combined/Red_soil/images192.jpg,Red_soil
images195.jpg,backend/data/Combined/Red_soil/images195.jpg,Red_soil
images20.jpg,backend/data/Combined/Red_soil/images20.jpg,Red_soil
images202.jpg,backend/data/Combined/Red_soil/images202.jpg,Red_soil
images36.jpg,backend/data/Combined/Red_soil/images36.jpg,Red_soil
images37.jpg,backend/data/Combined/Red_soil/images37.jpg,Red_soil
images45.jpg,backend/data/Combined/Red_soil/images45.jpg,Red_soil
images46.jpg,backend/data/Combined/Red_soil/images46.jpg,Red_soil
images59.jpg,backend/data/Combined/Red_soil/images59.jpg,Red_soil
images6.jpg,backend/data/Combined/Red_soil/images6.jpg,Red_soil
images66.jpg,backend/data/Combined/Red_soil/images66.jpg,Red_soil
images68.jpg,backend/data/Combined/Red_soil/images68.jpg,Red_soil
images70.jpg,backend/data/Combined/Red_soil/images70.jpg,Red_soil
images71.jpg,backend/data/Combined/Red_soil/images71.jpg,Red_soil
images77.jpg,backend/data/Combined/Red_soil/images77.jpg,Red_soil
images78.jpg,backend/data/Combined/Red_soil/images78.jpg,Red_soil
images8.jpg,backend/data/Combined/Red_soil/images8.jpg,Red_soil
images9.jpg,backend/data/Combined/Red_soil/images9.jpg,Red_soil
Nc-red-clay-soil-2.jpg,backend/data/Combined/Red_soil/Nc-red-clay-soil-2.jpg,Red_soil
red-ground-texture-260nw-1079913677.png,backend/data/Combined/Red_soil/red-ground-texture-260nw-1079913677.png,Red_soil
red-soil-1.png,backend/data/Combined/Red_soil/red-soil-1.png,Red_soil
red-soil-500x5002.jpg,backend/data/Combined/Red_soil/red-soil-500x5002.jpg,Red_soil
red-soil-500x5003.png,backend/data/Combined/Red_soil/red-soil-500x5003.png,Red_soil
red-soil-background-6402446.jpg,backend/data/Combined/Red_soil/red-soil-background-6402446.jpg,Red_soil
Red-soil-essay.jpg,backend/data/Combined/Red_soil/Red-soil-essay.jpg,Red_soil
red20clay-700x700.jpg,backend/data/Combined/Red_soil/red20clay-700x700.jpg,Red_soil
red3.jpg,backend/data/Combined/Red_soil/red3.jpg,Red_soil
Red_1.jpg,backend/data/Combined/Red_soil/Red_1.jpg,Red_soil
Red_10.jpg,backend/data/Combined/Red_soil/Red_10.jpg,Red_soil
Red_11.jpg,backend/data/Combined/Red_soil/Red_11.jpg,Red_soil
Red_12.jpg,backend/data/Combined/Red_soil/Red_12.jpg,Red_soil
Red_13.jpg,backend/data/Combined/Red_soil/Red_13.jpg,Red_soil
Red_14.jpg,backend/data/Combined/Red_soil/Red_14.jpg,Red_soil
Red_15.jpg,backend/data/Combined/Red_soil/Red_15.jpg,Red_soil
Red_16.jpg,backend/data/Combined/Red_soil/Red_16.jpg,Red_soil
Red_17.jpg,backend/data/Combined/Red_soil/Red_17.jpg,Red_soil
Red_18.jpg,backend/data/Combined/Red_soil/Red_18.jpg,Red_soil
Red_19.jpg,backend/data/Combined/Red_soil/Red_19.jpg,Red_soil
Red_2.jpg,backend/data/Combined/Red_soil/Red_2.jpg,Red_soil
Red_20.jpg,backend/data/Combined/Red_soil/Red_20.jpg,Red_soil
Red_21.jpg,backend/data/Combined/Red_soil/Red_21.jpg,Red_soil
Red_22.jpg,backend/data/Combined/Red_soil/Red_22.jpg,Red_soil
Red_23.jpg,backend/data/Combined/Red_soil/Red_23.jpg,Red_soil
Red_24.jpg,backend/data/Combined/Red_soil/Red_24.jpg,Red_soil
Red_27.jpg,backend/data/Combined/Red_soil/Red_27.jpg,Red_soil
Red_28.jpg,backend/data/Combined/Red_soil/Red_28.jpg,Red_soil
Red_29.jpg,backend/data/Combined/Red_soil/Red_29.jpg,Red_soil
Red_3.jpg,backend/data/Combined/Red_soil/Red_3.jpg,Red_soil
Red_30.jpg,backend/data/Combined/Red_soil/Red_30.jpg,Red_soil
Red_31.jpg,backend/data/Combined/Red_soil/Red_31.jpg,Red_soil
Red_32.jpg,backend/data/Combined/Red_soil/Red_32.jpg,Red_soil
Red_35.jpg,backend/data/Combined/Red_soil/Red_35.jpg,Red_soil
Red_36.jpg,backend/data/Combined/Red_soil/Red_36.jpg,Red_soil
Red_37.jpg,backend/data/Combined/Red_soil/Red_37.jpg,Red_soil
Red_38.jpg,backend/data/Combined/Red_soil/Red_38.jpg,Red_soil
Red_39.jpg,backend/data/Combined/Red_soil/Red_39.jpg,Red_soil
Red_4.jpg,backend/data/Combined/Red_soil/Red_4.jpg,Red_soil
Red_40.jpg,backend/data/Combined/Red_soil/Red_40.jpg,Red_soil
Red_41.jpg,backend/data/Combined/Red_soil/Red_41.jpg,Red_soil
Red_42.jpg,backend/data/Combined/Red_soil/Red_42.jpg,Red_soil
Red_43.jpg,backend/data/Combined/Red_soil/Red_43.jpg,Red_soil
Red_44.jpg,backend/data/Combined/Red_soil/Red_44.jpg,Red_soil
Red_45.jpg,backend/data/Combined/Red_soil/Red_45.jpg,Red_soil
Red_46.jpg,backend/data/Combined/Red_soil/Red_46.jpg,Red_soil
Red_5.jpg,backend/data/Combined/Red_soil/Red_5.jpg,Red_soil
Red_6.jpg,backend/data/Combined/Red_soil/Red_6.jpg,Red_soil
Red_7.jpg,backend/data/Combined/Red_soil/Red_7.jpg,Red_soil
Red_8.jpg,backend/data/Combined/Red_soil/Red_8.jpg,Red_soil
Red_9.jpg,backend/data/Combined/Red_soil/Red_9.jpg,Red_soil
Sample6.0.jpg,backend/data/Combined/Red_soil/Sample6.0.jpg,Red_soil
Sample6.120.jpg,backend/data/Combined/Red_soil/Sample6.120.jpg,Red_soil
Sample6.150.jpg,backend/data/Combined/Red_soil/Sample6.150.jpg,Red_soil
Sample6.180.jpg,backend/data/Combined/Red_soil/Sample6.180.jpg,Red_soil
Sample6.30.jpg,backend/data/Combined/Red_soil/Sample6.30.jpg,Red_soil
Sample6.60.jpg,backend/data/Combined/Red_soil/Sample6.60.jpg,Red_soil
Sample6.90.jpg,backend/data/Combined/Red_soil/Sample6.90.jpg,Red_soil
Sample8.0.jpg,backend/data/Combined/Red_soil/Sample8.0.jpg,Red_soil
Sample8.120.jpg,backend/data/Combined/Red_soil/Sample8.120.jpg,Red_soil
Sample8.150.jpg,backend/data/Combined/Red_soil/Sample8.150.jpg,Red_soil
Sample8.180.jpg,backend/data/Combined/Red_soil/Sample8.180.jpg,Red_soil
Sample8.30.jpg,backend/data/Combined/Red_soil/Sample8.30.jpg,Red_soil
Sample8.60.jpg,backend/data/Combined/Red_soil/Sample8.60.jpg,Red_soil
Sample8.90.jpg,backend/data/Combined/Red_soil/Sample8.90.jpg,Red_soil
utkl.jpg,backend/data/Combined/Red_soil/utkl.jpg,Red_soil
